,date,condominium for sale,State
0,2004-01-01,0,MN
1,2004-02-01,0,MN
2,2004-03-01,0,MN
3,2004-04-01,0,MN
4,2004-05-01,70,MN
5,2004-06-01,0,MN
6,2004-07-01,0,MN
7,2004-08-01,0,MN
8,2004-09-01,0,MN
9,2004-10-01,0,MN
10,2004-11-01,0,MN
11,2004-12-01,100,MN
12,2005-01-01,0,MN
13,2005-02-01,0,MN
14,2005-03-01,36,MN
15,2005-04-01,0,MN
16,2005-05-01,29,MN
17,2005-06-01,0,MN
18,2005-07-01,0,MN
19,2005-08-01,0,MN
20,2005-09-01,0,MN
21,2005-10-01,0,MN
22,2005-11-01,0,MN
23,2005-12-01,0,MN
24,2006-01-01,0,MN
25,2006-02-01,49,MN
26,2006-03-01,0,MN
27,2006-04-01,0,MN
28,2006-05-01,29,MN
29,2006-06-01,0,MN
30,2006-07-01,0,MN
31,2006-08-01,0,MN
32,2006-09-01,0,MN
33,2006-10-01,0,MN
34,2006-11-01,0,MN
35,2006-12-01,19,MN
36,2007-01-01,22,MN
37,2007-02-01,0,MN
38,2007-03-01,0,MN
39,2007-04-01,0,MN
40,2007-05-01,0,MN
41,2007-06-01,43,MN
42,2007-07-01,0,MN
43,2007-08-01,0,MN
44,2007-09-01,13,MN
45,2007-10-01,0,MN
46,2007-11-01,0,MN
47,2007-12-01,0,MN
48,2008-01-01,0,MN
49,2008-02-01,0,MN
50,2008-03-01,0,MN
51,2008-04-01,0,MN
52,2008-05-01,0,MN
53,2008-06-01,0,MN
54,2008-07-01,11,MN
55,2008-08-01,0,MN
56,2008-09-01,0,MN
57,2008-10-01,15,MN
58,2008-11-01,0,MN
59,2008-12-01,0,MN
60,2009-01-01,0,MN
61,2009-02-01,9,MN
62,2009-03-01,0,MN
63,2009-04-01,0,MN
64,2009-05-01,0,MN
65,2009-06-01,12,MN
66,2009-07-01,0,MN
67,2009-08-01,0,MN
68,2009-09-01,0,MN
69,2009-10-01,0,MN
70,2009-11-01,0,MN
71,2009-12-01,0,MN
72,2010-01-01,0,MN
73,2010-02-01,0,MN
74,2010-03-01,20,MN
75,2010-04-01,0,MN
76,2010-05-01,23,MN
77,2010-06-01,0,MN
78,2010-07-01,0,MN
79,2010-08-01,0,MN
80,2010-09-01,0,MN
81,2010-10-01,11,MN
82,2010-11-01,0,MN
83,2010-12-01,0,MN
84,2011-01-01,0,MN
85,2011-02-01,0,MN
86,2011-03-01,0,MN
87,2011-04-01,0,MN
88,2011-05-01,0,MN
89,2011-06-01,0,MN
90,2011-07-01,0,MN
91,2011-08-01,5,MN
92,2011-09-01,0,MN
93,2011-10-01,4,MN
94,2011-11-01,4,MN
95,2011-12-01,12,MN
96,2012-01-01,0,MN
97,2012-02-01,17,MN
98,2012-03-01,0,MN
99,2012-04-01,0,MN
100,2012-05-01,0,MN
101,2012-06-01,0,MN
102,2012-07-01,3,MN
103,2012-08-01,0,MN
104,2012-09-01,16,MN
105,2012-10-01,0,MN
106,2012-11-01,0,MN
107,2012-12-01,0,MN
108,2013-01-01,3,MN
109,2013-02-01,6,MN
110,2013-03-01,0,MN
111,2013-04-01,0,MN
112,2013-05-01,3,MN
113,2013-06-01,0,MN
114,2013-07-01,0,MN
115,2013-08-01,5,MN
116,2013-09-01,5,MN
117,2013-10-01,0,MN
118,2013-11-01,0,MN
119,2013-12-01,0,MN
120,2014-01-01,3,MN
121,2014-02-01,3,MN
122,2014-03-01,5,MN
123,2014-04-01,0,MN
124,2014-05-01,0,MN
125,2014-06-01,0,MN
126,2014-07-01,0,MN
127,2014-08-01,0,MN
128,2014-09-01,17,MN
129,2014-10-01,0,MN
130,2014-11-01,0,MN
131,2014-12-01,3,MN
132,2015-01-01,0,MN
133,2015-02-01,0,MN
134,2015-03-01,0,MN
135,2015-04-01,5,MN
136,2015-05-01,6,MN
137,2015-06-01,5,MN
138,2015-07-01,0,MN
139,2015-08-01,0,MN
140,2015-09-01,0,MN
141,2015-10-01,0,MN
142,2015-11-01,0,MN
143,2015-12-01,0,MN
144,2016-01-01,0,MN
145,2016-02-01,4,MN
146,2016-03-01,0,MN
147,2016-04-01,4,MN
148,2016-05-01,5,MN
149,2016-06-01,4,MN
150,2016-07-01,0,MN
151,2016-08-01,3,MN
152,2016-09-01,0,MN
153,2016-10-01,0,MN
154,2016-11-01,0,MN
155,2016-12-01,7,MN
156,2017-01-01,0,MN
157,2017-02-01,0,MN
158,2017-03-01,2,MN
159,2017-04-01,0,MN
160,2017-05-01,0,MN
161,2017-06-01,4,MN
162,2017-07-01,4,MN
163,2017-08-01,0,MN
164,2017-09-01,3,MN
165,2017-10-01,0,MN
166,2017-11-01,4,MN
167,2017-12-01,0,MN
168,2018-01-01,0,MN
169,2018-02-01,2,MN
170,2018-03-01,4,MN
171,2018-04-01,0,MN
172,2018-05-01,3,MN
173,2018-06-01,0,MN
174,2018-07-01,9,MN
175,2018-08-01,4,MN
176,2018-09-01,0,MN
177,2018-10-01,0,MN
178,2018-11-01,2,MN
179,2018-12-01,0,MN
180,2019-01-01,0,MN
181,2019-02-01,0,MN
182,2019-03-01,4,MN
183,2019-04-01,3,MN
184,2019-05-01,0,MN
185,2019-06-01,4,MN
186,2019-07-01,0,MN
187,2019-08-01,0,MN
188,2019-09-01,3,MN
189,2019-10-01,5,MN
190,2019-11-01,0,MN
191,2019-12-01,0,MN
192,2020-01-01,2,MN
193,2020-02-01,6,MN
194,2020-03-01,0,MN
195,2020-04-01,0,MN
196,2020-05-01,0,MN
197,2020-06-01,3,MN
198,2020-07-01,0,MN
199,2020-08-01,3,MN
200,2020-09-01,3,MN
201,2020-10-01,3,MN
202,2020-11-01,0,MN
203,2020-12-01,5,MN
204,2004-01-01,97,AZ
205,2004-02-01,0,AZ
206,2004-03-01,0,AZ
207,2004-04-01,91,AZ
208,2004-05-01,0,AZ
209,2004-06-01,0,AZ
210,2004-07-01,69,AZ
211,2004-08-01,76,AZ
212,2004-09-01,0,AZ
213,2004-10-01,0,AZ
214,2004-11-01,0,AZ
215,2004-12-01,100,AZ
216,2005-01-01,0,AZ
217,2005-02-01,78,AZ
218,2005-03-01,0,AZ
219,2005-04-01,0,AZ
220,2005-05-01,44,AZ
221,2005-06-01,0,AZ
222,2005-07-01,0,AZ
223,2005-08-01,0,AZ
224,2005-09-01,61,AZ
225,2005-10-01,0,AZ
226,2005-11-01,0,AZ
227,2005-12-01,0,AZ
228,2006-01-01,0,AZ
229,2006-02-01,0,AZ
230,2006-03-01,0,AZ
231,2006-04-01,0,AZ
232,2006-05-01,0,AZ
233,2006-06-01,78,AZ
234,2006-07-01,0,AZ
235,2006-08-01,0,AZ
236,2006-09-01,0,AZ
237,2006-10-01,0,AZ
238,2006-11-01,0,AZ
239,2006-12-01,0,AZ
240,2007-01-01,24,AZ
241,2007-02-01,0,AZ
242,2007-03-01,21,AZ
243,2007-04-01,0,AZ
244,2007-05-01,0,AZ
245,2007-06-01,0,AZ
246,2007-07-01,0,AZ
247,2007-08-01,19,AZ
248,2007-09-01,50,AZ
249,2007-10-01,0,AZ
250,2007-11-01,0,AZ
251,2007-12-01,24,AZ
252,2008-01-01,18,AZ
253,2008-02-01,0,AZ
254,2008-03-01,0,AZ
255,2008-04-01,0,AZ
256,2008-05-01,0,AZ
257,2008-06-01,17,AZ
258,2008-07-01,0,AZ
259,2008-08-01,0,AZ
260,2008-09-01,14,AZ
261,2008-10-01,0,AZ
262,2008-11-01,0,AZ
263,2008-12-01,0,AZ
264,2009-01-01,20,AZ
265,2009-02-01,15,AZ
266,2009-03-01,17,AZ
267,2009-04-01,0,AZ
268,2009-05-01,0,AZ
269,2009-06-01,0,AZ
270,2009-07-01,21,AZ
271,2009-08-01,21,AZ
272,2009-09-01,15,AZ
273,2009-10-01,11,AZ
274,2009-11-01,0,AZ
275,2009-12-01,0,AZ
276,2010-01-01,0,AZ
277,2010-02-01,12,AZ
278,2010-03-01,0,AZ
279,2010-04-01,22,AZ
280,2010-05-01,0,AZ
281,2010-06-01,0,AZ
282,2010-07-01,14,AZ
283,2010-08-01,0,AZ
284,2010-09-01,0,AZ
285,2010-10-01,20,AZ
286,2010-11-01,0,AZ
287,2010-12-01,0,AZ
288,2011-01-01,0,AZ
289,2011-02-01,0,AZ
290,2011-03-01,0,AZ
291,2011-04-01,0,AZ
292,2011-05-01,0,AZ
293,2011-06-01,0,AZ
294,2011-07-01,6,AZ
295,2011-08-01,14,AZ
296,2011-09-01,0,AZ
297,2011-10-01,0,AZ
298,2011-11-01,6,AZ
299,2011-12-01,0,AZ
300,2012-01-01,0,AZ
301,2012-02-01,7,AZ
302,2012-03-01,0,AZ
303,2012-04-01,0,AZ
304,2012-05-01,8,AZ
305,2012-06-01,0,AZ
306,2012-07-01,0,AZ
307,2012-08-01,0,AZ
308,2012-09-01,5,AZ
309,2012-10-01,5,AZ
310,2012-11-01,8,AZ
311,2012-12-01,0,AZ
312,2013-01-01,0,AZ
313,2013-02-01,0,AZ
314,2013-03-01,7,AZ
315,2013-04-01,0,AZ
316,2013-05-01,0,AZ
317,2013-06-01,0,AZ
318,2013-07-01,7,AZ
319,2013-08-01,4,AZ
320,2013-09-01,0,AZ
321,2013-10-01,0,AZ
322,2013-11-01,0,AZ
323,2013-12-01,10,AZ
324,2014-01-01,10,AZ
325,2014-02-01,0,AZ
326,2014-03-01,9,AZ
327,2014-04-01,0,AZ
328,2014-05-01,4,AZ
329,2014-06-01,12,AZ
330,2014-07-01,21,AZ
331,2014-08-01,12,AZ
332,2014-09-01,5,AZ
333,2014-10-01,0,AZ
334,2014-11-01,0,AZ
335,2014-12-01,0,AZ
336,2015-01-01,0,AZ
337,2015-02-01,11,AZ
338,2015-03-01,0,AZ
339,2015-04-01,0,AZ
340,2015-05-01,0,AZ
341,2015-06-01,0,AZ
342,2015-07-01,0,AZ
343,2015-08-01,0,AZ
344,2015-09-01,0,AZ
345,2015-10-01,6,AZ
346,2015-11-01,0,AZ
347,2015-12-01,5,AZ
348,2016-01-01,9,AZ
349,2016-02-01,4,AZ
350,2016-03-01,0,AZ
351,2016-04-01,4,AZ
352,2016-05-01,13,AZ
353,2016-06-01,5,AZ
354,2016-07-01,7,AZ
355,2016-08-01,0,AZ
356,2016-09-01,7,AZ
357,2016-10-01,4,AZ
358,2016-11-01,0,AZ
359,2016-12-01,6,AZ
360,2017-01-01,4,AZ
361,2017-02-01,5,AZ
362,2017-03-01,0,AZ
363,2017-04-01,0,AZ
364,2017-05-01,7,AZ
365,2017-06-01,0,AZ
366,2017-07-01,6,AZ
367,2017-08-01,0,AZ
368,2017-09-01,0,AZ
369,2017-10-01,0,AZ
370,2017-11-01,6,AZ
371,2017-12-01,0,AZ
372,2018-01-01,13,AZ
373,2018-02-01,0,AZ
374,2018-03-01,3,AZ
375,2018-04-01,0,AZ
376,2018-05-01,0,AZ
377,2018-06-01,0,AZ
378,2018-07-01,0,AZ
379,2018-08-01,7,AZ
380,2018-09-01,0,AZ
381,2018-10-01,0,AZ
382,2018-11-01,0,AZ
383,2018-12-01,5,AZ
384,2019-01-01,0,AZ
385,2019-02-01,0,AZ
386,2019-03-01,3,AZ
387,2019-04-01,3,AZ
388,2019-05-01,0,AZ
389,2019-06-01,0,AZ
390,2019-07-01,0,AZ
391,2019-08-01,0,AZ
392,2019-09-01,0,AZ
393,2019-10-01,3,AZ
394,2019-11-01,6,AZ
395,2019-12-01,0,AZ
396,2020-01-01,10,AZ
397,2020-02-01,6,AZ
398,2020-03-01,0,AZ
399,2020-04-01,0,AZ
400,2020-05-01,0,AZ
401,2020-06-01,2,AZ
402,2020-07-01,3,AZ
403,2020-08-01,0,AZ
404,2020-09-01,0,AZ
405,2020-10-01,0,AZ
406,2020-11-01,0,AZ
407,2020-12-01,6,AZ
408,2004-01-01,100,WA
409,2004-02-01,0,WA
410,2004-03-01,0,WA
411,2004-04-01,0,WA
412,2004-05-01,0,WA
413,2004-06-01,0,WA
414,2004-07-01,0,WA
415,2004-08-01,0,WA
416,2004-09-01,28,WA
417,2004-10-01,0,WA
418,2004-11-01,0,WA
419,2004-12-01,17,WA
420,2005-01-01,0,WA
421,2005-02-01,0,WA
422,2005-03-01,0,WA
423,2005-04-01,0,WA
424,2005-05-01,0,WA
425,2005-06-01,0,WA
426,2005-07-01,0,WA
427,2005-08-01,0,WA
428,2005-09-01,0,WA
429,2005-10-01,0,WA
430,2005-11-01,0,WA
431,2005-12-01,0,WA
432,2006-01-01,15,WA
433,2006-02-01,0,WA
434,2006-03-01,0,WA
435,2006-04-01,0,WA
436,2006-05-01,0,WA
437,2006-06-01,0,WA
438,2006-07-01,0,WA
439,2006-08-01,18,WA
440,2006-09-01,0,WA
441,2006-10-01,0,WA
442,2006-11-01,0,WA
443,2006-12-01,8,WA
444,2007-01-01,0,WA
445,2007-02-01,0,WA
446,2007-03-01,11,WA
447,2007-04-01,0,WA
448,2007-05-01,10,WA
449,2007-06-01,0,WA
450,2007-07-01,0,WA
451,2007-08-01,0,WA
452,2007-09-01,0,WA
453,2007-10-01,0,WA
454,2007-11-01,0,WA
455,2007-12-01,31,WA
456,2008-01-01,0,WA
457,2008-02-01,0,WA
458,2008-03-01,0,WA
459,2008-04-01,0,WA
460,2008-05-01,0,WA
461,2008-06-01,0,WA
462,2008-07-01,0,WA
463,2008-08-01,0,WA
464,2008-09-01,0,WA
465,2008-10-01,6,WA
466,2008-11-01,11,WA
467,2008-12-01,0,WA
468,2009-01-01,11,WA
469,2009-02-01,0,WA
470,2009-03-01,0,WA
471,2009-04-01,0,WA
472,2009-05-01,0,WA
473,2009-06-01,0,WA
474,2009-07-01,5,WA
475,2009-08-01,0,WA
476,2009-09-01,6,WA
477,2009-10-01,0,WA
478,2009-11-01,0,WA
479,2009-12-01,0,WA
480,2010-01-01,0,WA
481,2010-02-01,8,WA
482,2010-03-01,0,WA
483,2010-04-01,0,WA
484,2010-05-01,0,WA
485,2010-06-01,0,WA
486,2010-07-01,4,WA
487,2010-08-01,8,WA
488,2010-09-01,0,WA
489,2010-10-01,6,WA
490,2010-11-01,4,WA
491,2010-12-01,0,WA
492,2011-01-01,0,WA
493,2011-02-01,0,WA
494,2011-03-01,0,WA
495,2011-04-01,0,WA
496,2011-05-01,0,WA
497,2011-06-01,3,WA
498,2011-07-01,0,WA
499,2011-08-01,2,WA
500,2011-09-01,0,WA
501,2011-10-01,0,WA
502,2011-11-01,0,WA
503,2011-12-01,3,WA
504,2012-01-01,4,WA
505,2012-02-01,3,WA
506,2012-03-01,0,WA
507,2012-04-01,0,WA
508,2012-05-01,2,WA
509,2012-06-01,4,WA
510,2012-07-01,0,WA
511,2012-08-01,0,WA
512,2012-09-01,0,WA
513,2012-10-01,2,WA
514,2012-11-01,2,WA
515,2012-12-01,3,WA
516,2013-01-01,0,WA
517,2013-02-01,2,WA
518,2013-03-01,2,WA
519,2013-04-01,3,WA
520,2013-05-01,7,WA
521,2013-06-01,2,WA
522,2013-07-01,2,WA
523,2013-08-01,0,WA
524,2013-09-01,2,WA
525,2013-10-01,2,WA
526,2013-11-01,2,WA
527,2013-12-01,0,WA
528,2014-01-01,0,WA
529,2014-02-01,0,WA
530,2014-03-01,0,WA
531,2014-04-01,4,WA
532,2014-05-01,0,WA
533,2014-06-01,0,WA
534,2014-07-01,4,WA
535,2014-08-01,2,WA
536,2014-09-01,0,WA
537,2014-10-01,2,WA
538,2014-11-01,2,WA
539,2014-12-01,0,WA
540,2015-01-01,3,WA
541,2015-02-01,6,WA
542,2015-03-01,2,WA
543,2015-04-01,2,WA
544,2015-05-01,2,WA
545,2015-06-01,0,WA
546,2015-07-01,7,WA
547,2015-08-01,3,WA
548,2015-09-01,0,WA
549,2015-10-01,2,WA
550,2015-11-01,3,WA
551,2015-12-01,2,WA
552,2016-01-01,0,WA
553,2016-02-01,0,WA
554,2016-03-01,0,WA
555,2016-04-01,2,WA
556,2016-05-01,3,WA
557,2016-06-01,0,WA
558,2016-07-01,4,WA
559,2016-08-01,0,WA
560,2016-09-01,2,WA
561,2016-10-01,2,WA
562,2016-11-01,1,WA
563,2016-12-01,2,WA
564,2017-01-01,4,WA
565,2017-02-01,0,WA
566,2017-03-01,4,WA
567,2017-04-01,4,WA
568,2017-05-01,0,WA
569,2017-06-01,0,WA
570,2017-07-01,3,WA
571,2017-08-01,3,WA
572,2017-09-01,5,WA
573,2017-10-01,3,WA
574,2017-11-01,3,WA
575,2017-12-01,0,WA
576,2018-01-01,0,WA
577,2018-02-01,0,WA
578,2018-03-01,1,WA
579,2018-04-01,0,WA
580,2018-05-01,4,WA
581,2018-06-01,2,WA
582,2018-07-01,3,WA
583,2018-08-01,2,WA
584,2018-09-01,5,WA
585,2018-10-01,0,WA
586,2018-11-01,0,WA
587,2018-12-01,0,WA
588,2019-01-01,0,WA
589,2019-02-01,0,WA
590,2019-03-01,0,WA
591,2019-04-01,3,WA
592,2019-05-01,3,WA
593,2019-06-01,0,WA
594,2019-07-01,1,WA
595,2019-08-01,3,WA
596,2019-09-01,0,WA
597,2019-10-01,0,WA
598,2019-11-01,0,WA
599,2019-12-01,1,WA
600,2020-01-01,2,WA
601,2020-02-01,2,WA
602,2020-03-01,1,WA
603,2020-04-01,0,WA
604,2020-05-01,2,WA
605,2020-06-01,2,WA
606,2020-07-01,3,WA
607,2020-08-01,0,WA
608,2020-09-01,4,WA
609,2020-10-01,0,WA
610,2020-11-01,2,WA
611,2020-12-01,2,WA
612,2004-01-01,0,NC
613,2004-02-01,0,NC
614,2004-03-01,0,NC
615,2004-04-01,0,NC
616,2004-05-01,0,NC
617,2004-06-01,38,NC
618,2004-07-01,100,NC
619,2004-08-01,0,NC
620,2004-09-01,0,NC
621,2004-10-01,0,NC
622,2004-11-01,0,NC
623,2004-12-01,0,NC
624,2005-01-01,0,NC
625,2005-02-01,0,NC
626,2005-03-01,0,NC
627,2005-04-01,0,NC
628,2005-05-01,0,NC
629,2005-06-01,0,NC
630,2005-07-01,0,NC
631,2005-08-01,0,NC
632,2005-09-01,38,NC
633,2005-10-01,0,NC
634,2005-11-01,0,NC
635,2005-12-01,0,NC
636,2006-01-01,0,NC
637,2006-02-01,0,NC
638,2006-03-01,28,NC
639,2006-04-01,0,NC
640,2006-05-01,0,NC
641,2006-06-01,23,NC
642,2006-07-01,47,NC
643,2006-08-01,14,NC
644,2006-09-01,0,NC
645,2006-10-01,22,NC
646,2006-11-01,0,NC
647,2006-12-01,0,NC
648,2007-01-01,0,NC
649,2007-02-01,24,NC
650,2007-03-01,17,NC
651,2007-04-01,0,NC
652,2007-05-01,0,NC
653,2007-06-01,0,NC
654,2007-07-01,0,NC
655,2007-08-01,0,NC
656,2007-09-01,13,NC
657,2007-10-01,0,NC
658,2007-11-01,0,NC
659,2007-12-01,0,NC
660,2008-01-01,0,NC
661,2008-02-01,0,NC
662,2008-03-01,0,NC
663,2008-04-01,0,NC
664,2008-05-01,0,NC
665,2008-06-01,0,NC
666,2008-07-01,0,NC
667,2008-08-01,0,NC
668,2008-09-01,6,NC
669,2008-10-01,9,NC
670,2008-11-01,0,NC
671,2008-12-01,0,NC
672,2009-01-01,16,NC
673,2009-02-01,0,NC
674,2009-03-01,0,NC
675,2009-04-01,0,NC
676,2009-05-01,0,NC
677,2009-06-01,0,NC
678,2009-07-01,0,NC
679,2009-08-01,0,NC
680,2009-09-01,0,NC
681,2009-10-01,10,NC
682,2009-11-01,7,NC
683,2009-12-01,0,NC
684,2010-01-01,0,NC
685,2010-02-01,0,NC
686,2010-03-01,14,NC
687,2010-04-01,0,NC
688,2010-05-01,6,NC
689,2010-06-01,0,NC
690,2010-07-01,6,NC
691,2010-08-01,0,NC
692,2010-09-01,0,NC
693,2010-10-01,8,NC
694,2010-11-01,0,NC
695,2010-12-01,0,NC
696,2011-01-01,0,NC
697,2011-02-01,0,NC
698,2011-03-01,0,NC
699,2011-04-01,0,NC
700,2011-05-01,0,NC
701,2011-06-01,4,NC
702,2011-07-01,0,NC
703,2011-08-01,0,NC
704,2011-09-01,8,NC
705,2011-10-01,0,NC
706,2011-11-01,0,NC
707,2011-12-01,3,NC
708,2012-01-01,0,NC
709,2012-02-01,0,NC
710,2012-03-01,0,NC
711,2012-04-01,0,NC
712,2012-05-01,0,NC
713,2012-06-01,0,NC
714,2012-07-01,2,NC
715,2012-08-01,2,NC
716,2012-09-01,0,NC
717,2012-10-01,8,NC
718,2012-11-01,0,NC
719,2012-12-01,5,NC
720,2013-01-01,0,NC
721,2013-02-01,0,NC
722,2013-03-01,0,NC
723,2013-04-01,0,NC
724,2013-05-01,2,NC
725,2013-06-01,3,NC
726,2013-07-01,0,NC
727,2013-08-01,2,NC
728,2013-09-01,0,NC
729,2013-10-01,6,NC
730,2013-11-01,3,NC
731,2013-12-01,3,NC
732,2014-01-01,0,NC
733,2014-02-01,0,NC
734,2014-03-01,0,NC
735,2014-04-01,0,NC
736,2014-05-01,2,NC
737,2014-06-01,3,NC
738,2014-07-01,0,NC
739,2014-08-01,4,NC
740,2014-09-01,0,NC
741,2014-10-01,0,NC
742,2014-11-01,0,NC
743,2014-12-01,0,NC
744,2015-01-01,0,NC
745,2015-02-01,2,NC
746,2015-03-01,3,NC
747,2015-04-01,2,NC
748,2015-05-01,0,NC
749,2015-06-01,0,NC
750,2015-07-01,0,NC
751,2015-08-01,0,NC
752,2015-09-01,0,NC
753,2015-10-01,0,NC
754,2015-11-01,0,NC
755,2015-12-01,2,NC
756,2016-01-01,0,NC
757,2016-02-01,4,NC
758,2016-03-01,2,NC
759,2016-04-01,4,NC
760,2016-05-01,0,NC
761,2016-06-01,2,NC
762,2016-07-01,0,NC
763,2016-08-01,4,NC
764,2016-09-01,0,NC
765,2016-10-01,0,NC
766,2016-11-01,2,NC
767,2016-12-01,1,NC
768,2017-01-01,0,NC
769,2017-02-01,0,NC
770,2017-03-01,0,NC
771,2017-04-01,2,NC
772,2017-05-01,0,NC
773,2017-06-01,4,NC
774,2017-07-01,0,NC
775,2017-08-01,2,NC
776,2017-09-01,0,NC
777,2017-10-01,0,NC
778,2017-11-01,0,NC
779,2017-12-01,1,NC
780,2018-01-01,0,NC
781,2018-02-01,0,NC
782,2018-03-01,2,NC
783,2018-04-01,3,NC
784,2018-05-01,3,NC
785,2018-06-01,2,NC
786,2018-07-01,3,NC
787,2018-08-01,0,NC
788,2018-09-01,3,NC
789,2018-10-01,2,NC
790,2018-11-01,0,NC
791,2018-12-01,3,NC
792,2019-01-01,1,NC
793,2019-02-01,0,NC
794,2019-03-01,0,NC
795,2019-04-01,0,NC
796,2019-05-01,0,NC
797,2019-06-01,1,NC
798,2019-07-01,0,NC
799,2019-08-01,7,NC
800,2019-09-01,1,NC
801,2019-10-01,2,NC
802,2019-11-01,1,NC
803,2019-12-01,0,NC
804,2020-01-01,1,NC
805,2020-02-01,1,NC
806,2020-03-01,1,NC
807,2020-04-01,6,NC
808,2020-05-01,0,NC
809,2020-06-01,0,NC
810,2020-07-01,2,NC
811,2020-08-01,1,NC
812,2020-09-01,1,NC
813,2020-10-01,2,NC
814,2020-11-01,2,NC
815,2020-12-01,0,NC
816,2004-01-01,0,NV
817,2004-02-01,0,NV
818,2004-03-01,0,NV
819,2004-04-01,0,NV
820,2004-05-01,0,NV
821,2004-06-01,74,NV
822,2004-07-01,100,NV
823,2004-08-01,0,NV
824,2004-09-01,0,NV
825,2004-10-01,0,NV
826,2004-11-01,0,NV
827,2004-12-01,0,NV
828,2005-01-01,0,NV
829,2005-02-01,0,NV
830,2005-03-01,66,NV
831,2005-04-01,0,NV
832,2005-05-01,0,NV
833,2005-06-01,0,NV
834,2005-07-01,70,NV
835,2005-08-01,0,NV
836,2005-09-01,0,NV
837,2005-10-01,0,NV
838,2005-11-01,0,NV
839,2005-12-01,0,NV
840,2006-01-01,0,NV
841,2006-02-01,0,NV
842,2006-03-01,0,NV
843,2006-04-01,0,NV
844,2006-05-01,38,NV
845,2006-06-01,0,NV
846,2006-07-01,0,NV
847,2006-08-01,0,NV
848,2006-09-01,0,NV
849,2006-10-01,0,NV
850,2006-11-01,0,NV
851,2006-12-01,0,NV
852,2007-01-01,0,NV
853,2007-02-01,53,NV
854,2007-03-01,20,NV
855,2007-04-01,0,NV
856,2007-05-01,0,NV
857,2007-06-01,0,NV
858,2007-07-01,0,NV
859,2007-08-01,0,NV
860,2007-09-01,23,NV
861,2007-10-01,30,NV
862,2007-11-01,15,NV
863,2007-12-01,0,NV
864,2008-01-01,0,NV
865,2008-02-01,0,NV
866,2008-03-01,0,NV
867,2008-04-01,0,NV
868,2008-05-01,0,NV
869,2008-06-01,0,NV
870,2008-07-01,0,NV
871,2008-08-01,16,NV
872,2008-09-01,0,NV
873,2008-10-01,34,NV
874,2008-11-01,0,NV
875,2008-12-01,0,NV
876,2009-01-01,0,NV
877,2009-02-01,0,NV
878,2009-03-01,0,NV
879,2009-04-01,0,NV
880,2009-05-01,0,NV
881,2009-06-01,0,NV
882,2009-07-01,0,NV
883,2009-08-01,0,NV
884,2009-09-01,0,NV
885,2009-10-01,0,NV
886,2009-11-01,13,NV
887,2009-12-01,8,NV
888,2010-01-01,32,NV
889,2010-02-01,17,NV
890,2010-03-01,47,NV
891,2010-04-01,0,NV
892,2010-05-01,26,NV
893,2010-06-01,19,NV
894,2010-07-01,0,NV
895,2010-08-01,0,NV
896,2010-09-01,8,NV
897,2010-10-01,0,NV
898,2010-11-01,0,NV
899,2010-12-01,0,NV
900,2011-01-01,0,NV
901,2011-02-01,0,NV
902,2011-03-01,0,NV
903,2011-04-01,0,NV
904,2011-05-01,0,NV
905,2011-06-01,0,NV
906,2011-07-01,0,NV
907,2011-08-01,0,NV
908,2011-09-01,0,NV
909,2011-10-01,0,NV
910,2011-11-01,8,NV
911,2011-12-01,4,NV
912,2012-01-01,0,NV
913,2012-02-01,0,NV
914,2012-03-01,0,NV
915,2012-04-01,0,NV
916,2012-05-01,0,NV
917,2012-06-01,0,NV
918,2012-07-01,5,NV
919,2012-08-01,0,NV
920,2012-09-01,0,NV
921,2012-10-01,3,NV
922,2012-11-01,0,NV
923,2012-12-01,0,NV
924,2013-01-01,5,NV
925,2013-02-01,0,NV
926,2013-03-01,0,NV
927,2013-04-01,3,NV
928,2013-05-01,0,NV
929,2013-06-01,0,NV
930,2013-07-01,0,NV
931,2013-08-01,0,NV
932,2013-09-01,0,NV
933,2013-10-01,3,NV
934,2013-11-01,0,NV
935,2013-12-01,0,NV
936,2014-01-01,3,NV
937,2014-02-01,0,NV
938,2014-03-01,0,NV
939,2014-04-01,0,NV
940,2014-05-01,0,NV
941,2014-06-01,0,NV
942,2014-07-01,3,NV
943,2014-08-01,0,NV
944,2014-09-01,6,NV
945,2014-10-01,0,NV
946,2014-11-01,0,NV
947,2014-12-01,0,NV
948,2015-01-01,0,NV
949,2015-02-01,0,NV
950,2015-03-01,0,NV
951,2015-04-01,13,NV
952,2015-05-01,3,NV
953,2015-06-01,0,NV
954,2015-07-01,0,NV
955,2015-08-01,0,NV
956,2015-09-01,7,NV
957,2015-10-01,0,NV
958,2015-11-01,0,NV
959,2015-12-01,0,NV
960,2016-01-01,4,NV
961,2016-02-01,0,NV
962,2016-03-01,7,NV
963,2016-04-01,0,NV
964,2016-05-01,0,NV
965,2016-06-01,0,NV
966,2016-07-01,0,NV
967,2016-08-01,0,NV
968,2016-09-01,0,NV
969,2016-10-01,0,NV
970,2016-11-01,0,NV
971,2016-12-01,0,NV
972,2017-01-01,0,NV
973,2017-02-01,10,NV
974,2017-03-01,0,NV
975,2017-04-01,0,NV
976,2017-05-01,0,NV
977,2017-06-01,3,NV
978,2017-07-01,0,NV
979,2017-08-01,0,NV
980,2017-09-01,0,NV
981,2017-10-01,2,NV
982,2017-11-01,2,NV
983,2017-12-01,3,NV
984,2018-01-01,0,NV
985,2018-02-01,2,NV
986,2018-03-01,0,NV
987,2018-04-01,0,NV
988,2018-05-01,2,NV
989,2018-06-01,4,NV
990,2018-07-01,4,NV
991,2018-08-01,0,NV
992,2018-09-01,4,NV
993,2018-10-01,2,NV
994,2018-11-01,0,NV
995,2018-12-01,2,NV
996,2019-01-01,0,NV
997,2019-02-01,0,NV
998,2019-03-01,2,NV
999,2019-04-01,0,NV
1000,2019-05-01,0,NV
1001,2019-06-01,0,NV
1002,2019-07-01,4,NV
1003,2019-08-01,3,NV
1004,2019-09-01,0,NV
1005,2019-10-01,0,NV
1006,2019-11-01,0,NV
1007,2019-12-01,0,NV
1008,2020-01-01,3,NV
1009,2020-02-01,0,NV
1010,2020-03-01,2,NV
1011,2020-04-01,0,NV
1012,2020-05-01,0,NV
1013,2020-06-01,2,NV
1014,2020-07-01,0,NV
1015,2020-08-01,0,NV
1016,2020-09-01,0,NV
1017,2020-10-01,2,NV
1018,2020-11-01,0,NV
1019,2020-12-01,0,NV
1020,2004-01-01,0,OR
1021,2004-02-01,0,OR
1022,2004-03-01,0,OR
1023,2004-04-01,0,OR
1024,2004-05-01,0,OR
1025,2004-06-01,0,OR
1026,2004-07-01,0,OR
1027,2004-08-01,100,OR
1028,2004-09-01,44,OR
1029,2004-10-01,0,OR
1030,2004-11-01,0,OR
1031,2004-12-01,0,OR
1032,2005-01-01,0,OR
1033,2005-02-01,0,OR
1034,2005-03-01,72,OR
1035,2005-04-01,0,OR
1036,2005-05-01,46,OR
1037,2005-06-01,0,OR
1038,2005-07-01,0,OR
1039,2005-08-01,57,OR
1040,2005-09-01,24,OR
1041,2005-10-01,0,OR
1042,2005-11-01,0,OR
1043,2005-12-01,0,OR
1044,2006-01-01,0,OR
1045,2006-02-01,0,OR
1046,2006-03-01,20,OR
1047,2006-04-01,0,OR
1048,2006-05-01,29,OR
1049,2006-06-01,57,OR
1050,2006-07-01,26,OR
1051,2006-08-01,0,OR
1052,2006-09-01,0,OR
1053,2006-10-01,0,OR
1054,2006-11-01,0,OR
1055,2006-12-01,0,OR
1056,2007-01-01,0,OR
1057,2007-02-01,0,OR
1058,2007-03-01,15,OR
1059,2007-04-01,19,OR
1060,2007-05-01,0,OR
1061,2007-06-01,14,OR
1062,2007-07-01,0,OR
1063,2007-08-01,0,OR
1064,2007-09-01,0,OR
1065,2007-10-01,0,OR
1066,2007-11-01,0,OR
1067,2007-12-01,0,OR
1068,2008-01-01,0,OR
1069,2008-02-01,12,OR
1070,2008-03-01,18,OR
1071,2008-04-01,11,OR
1072,2008-05-01,0,OR
1073,2008-06-01,27,OR
1074,2008-07-01,17,OR
1075,2008-08-01,0,OR
1076,2008-09-01,0,OR
1077,2008-10-01,0,OR
1078,2008-11-01,0,OR
1079,2008-12-01,0,OR
1080,2009-01-01,0,OR
1081,2009-02-01,0,OR
1082,2009-03-01,0,OR
1083,2009-04-01,8,OR
1084,2009-05-01,0,OR
1085,2009-06-01,0,OR
1086,2009-07-01,10,OR
1087,2009-08-01,0,OR
1088,2009-09-01,0,OR
1089,2009-10-01,0,OR
1090,2009-11-01,0,OR
1091,2009-12-01,0,OR
1092,2010-01-01,0,OR
1093,2010-02-01,20,OR
1094,2010-03-01,0,OR
1095,2010-04-01,7,OR
1096,2010-05-01,0,OR
1097,2010-06-01,0,OR
1098,2010-07-01,21,OR
1099,2010-08-01,9,OR
1100,2010-09-01,9,OR
1101,2010-10-01,0,OR
1102,2010-11-01,0,OR
1103,2010-12-01,0,OR
1104,2011-01-01,0,OR
1105,2011-02-01,0,OR
1106,2011-03-01,0,OR
1107,2011-04-01,0,OR
1108,2011-05-01,0,OR
1109,2011-06-01,0,OR
1110,2011-07-01,7,OR
1111,2011-08-01,4,OR
1112,2011-09-01,0,OR
1113,2011-10-01,5,OR
1114,2011-11-01,0,OR
1115,2011-12-01,0,OR
1116,2012-01-01,0,OR
1117,2012-02-01,0,OR
1118,2012-03-01,0,OR
1119,2012-04-01,0,OR
1120,2012-05-01,0,OR
1121,2012-06-01,7,OR
1122,2012-07-01,0,OR
1123,2012-08-01,0,OR
1124,2012-09-01,0,OR
1125,2012-10-01,0,OR
1126,2012-11-01,0,OR
1127,2012-12-01,0,OR
1128,2013-01-01,0,OR
1129,2013-02-01,0,OR
1130,2013-03-01,0,OR
1131,2013-04-01,3,OR
1132,2013-05-01,0,OR
1133,2013-06-01,0,OR
1134,2013-07-01,0,OR
1135,2013-08-01,0,OR
1136,2013-09-01,2,OR
1137,2013-10-01,0,OR
1138,2013-11-01,1,OR
1139,2013-12-01,0,OR
1140,2014-01-01,0,OR
1141,2014-02-01,0,OR
1142,2014-03-01,0,OR
1143,2014-04-01,0,OR
1144,2014-05-01,2,OR
1145,2014-06-01,3,OR
1146,2014-07-01,0,OR
1147,2014-08-01,0,OR
1148,2014-09-01,0,OR
1149,2014-10-01,0,OR
1150,2014-11-01,0,OR
1151,2014-12-01,0,OR
1152,2015-01-01,0,OR
1153,2015-02-01,0,OR
1154,2015-03-01,0,OR
1155,2015-04-01,0,OR
1156,2015-05-01,0,OR
1157,2015-06-01,0,OR
1158,2015-07-01,0,OR
1159,2015-08-01,0,OR
1160,2015-09-01,5,OR
1161,2015-10-01,0,OR
1162,2015-11-01,0,OR
1163,2015-12-01,3,OR
1164,2016-01-01,0,OR
1165,2016-02-01,8,OR
1166,2016-03-01,0,OR
1167,2016-04-01,6,OR
1168,2016-05-01,0,OR
1169,2016-06-01,0,OR
1170,2016-07-01,0,OR
1171,2016-08-01,0,OR
1172,2016-09-01,0,OR
1173,2016-10-01,0,OR
1174,2016-11-01,0,OR
1175,2016-12-01,0,OR
1176,2017-01-01,0,OR
1177,2017-02-01,0,OR
1178,2017-03-01,0,OR
1179,2017-04-01,0,OR
1180,2017-05-01,0,OR
1181,2017-06-01,0,OR
1182,2017-07-01,3,OR
1183,2017-08-01,0,OR
1184,2017-09-01,2,OR
1185,2017-10-01,0,OR
1186,2017-11-01,0,OR
1187,2017-12-01,4,OR
1188,2018-01-01,0,OR
1189,2018-02-01,0,OR
1190,2018-03-01,0,OR
1191,2018-04-01,2,OR
1192,2018-05-01,0,OR
1193,2018-06-01,0,OR
1194,2018-07-01,0,OR
1195,2018-08-01,2,OR
1196,2018-09-01,0,OR
1197,2018-10-01,3,OR
1198,2018-11-01,0,OR
1199,2018-12-01,0,OR
1200,2019-01-01,0,OR
1201,2019-02-01,0,OR
1202,2019-03-01,0,OR
1203,2019-04-01,3,OR
1204,2019-05-01,0,OR
1205,2019-06-01,0,OR
1206,2019-07-01,0,OR
1207,2019-08-01,0,OR
1208,2019-09-01,0,OR
1209,2019-10-01,0,OR
1210,2019-11-01,0,OR
1211,2019-12-01,0,OR
1212,2020-01-01,4,OR
1213,2020-02-01,3,OR
1214,2020-03-01,0,OR
1215,2020-04-01,5,OR
1216,2020-05-01,0,OR
1217,2020-06-01,0,OR
1218,2020-07-01,2,OR
1219,2020-08-01,0,OR
1220,2020-09-01,0,OR
1221,2020-10-01,0,OR
1222,2020-11-01,0,OR
1223,2020-12-01,0,OR
1224,2004-01-01,44,TX
1225,2004-02-01,0,TX
1226,2004-03-01,73,TX
1227,2004-04-01,0,TX
1228,2004-05-01,0,TX
1229,2004-06-01,0,TX
1230,2004-07-01,0,TX
1231,2004-08-01,0,TX
1232,2004-09-01,0,TX
1233,2004-10-01,0,TX
1234,2004-11-01,0,TX
1235,2004-12-01,0,TX
1236,2005-01-01,32,TX
1237,2005-02-01,89,TX
1238,2005-03-01,0,TX
1239,2005-04-01,0,TX
1240,2005-05-01,100,TX
1241,2005-06-01,0,TX
1242,2005-07-01,0,TX
1243,2005-08-01,0,TX
1244,2005-09-01,36,TX
1245,2005-10-01,0,TX
1246,2005-11-01,0,TX
1247,2005-12-01,0,TX
1248,2006-01-01,0,TX
1249,2006-02-01,0,TX
1250,2006-03-01,0,TX
1251,2006-04-01,0,TX
1252,2006-05-01,37,TX
1253,2006-06-01,0,TX
1254,2006-07-01,0,TX
1255,2006-08-01,0,TX
1256,2006-09-01,0,TX
1257,2006-10-01,0,TX
1258,2006-11-01,0,TX
1259,2006-12-01,0,TX
1260,2007-01-01,0,TX
1261,2007-02-01,59,TX
1262,2007-03-01,0,TX
1263,2007-04-01,0,TX
1264,2007-05-01,0,TX
1265,2007-06-01,0,TX
1266,2007-07-01,0,TX
1267,2007-08-01,18,TX
1268,2007-09-01,12,TX
1269,2007-10-01,0,TX
1270,2007-11-01,0,TX
1271,2007-12-01,0,TX
1272,2008-01-01,0,TX
1273,2008-02-01,0,TX
1274,2008-03-01,9,TX
1275,2008-04-01,10,TX
1276,2008-05-01,0,TX
1277,2008-06-01,18,TX
1278,2008-07-01,15,TX
1279,2008-08-01,0,TX
1280,2008-09-01,0,TX
1281,2008-10-01,0,TX
1282,2008-11-01,13,TX
1283,2008-12-01,0,TX
1284,2009-01-01,13,TX
1285,2009-02-01,16,TX
1286,2009-03-01,0,TX
1287,2009-04-01,0,TX
1288,2009-05-01,0,TX
1289,2009-06-01,11,TX
1290,2009-07-01,0,TX
1291,2009-08-01,0,TX
1292,2009-09-01,0,TX
1293,2009-10-01,11,TX
1294,2009-11-01,0,TX
1295,2009-12-01,0,TX
1296,2010-01-01,0,TX
1297,2010-02-01,12,TX
1298,2010-03-01,8,TX
1299,2010-04-01,6,TX
1300,2010-05-01,0,TX
1301,2010-06-01,7,TX
1302,2010-07-01,0,TX
1303,2010-08-01,0,TX
1304,2010-09-01,0,TX
1305,2010-10-01,5,TX
1306,2010-11-01,0,TX
1307,2010-12-01,0,TX
1308,2011-01-01,0,TX
1309,2011-02-01,4,TX
1310,2011-03-01,0,TX
1311,2011-04-01,0,TX
1312,2011-05-01,10,TX
1313,2011-06-01,4,TX
1314,2011-07-01,0,TX
1315,2011-08-01,0,TX
1316,2011-09-01,13,TX
1317,2011-10-01,5,TX
1318,2011-11-01,11,TX
1319,2011-12-01,0,TX
1320,2012-01-01,4,TX
1321,2012-02-01,0,TX
1322,2012-03-01,2,TX
1323,2012-04-01,4,TX
1324,2012-05-01,5,TX
1325,2012-06-01,5,TX
1326,2012-07-01,8,TX
1327,2012-08-01,5,TX
1328,2012-09-01,3,TX
1329,2012-10-01,3,TX
1330,2012-11-01,4,TX
1331,2012-12-01,4,TX
1332,2013-01-01,6,TX
1333,2013-02-01,5,TX
1334,2013-03-01,12,TX
1335,2013-04-01,6,TX
1336,2013-05-01,4,TX
1337,2013-06-01,0,TX
1338,2013-07-01,4,TX
1339,2013-08-01,4,TX
1340,2013-09-01,0,TX
1341,2013-10-01,2,TX
1342,2013-11-01,0,TX
1343,2013-12-01,0,TX
1344,2014-01-01,5,TX
1345,2014-02-01,5,TX
1346,2014-03-01,4,TX
1347,2014-04-01,6,TX
1348,2014-05-01,4,TX
1349,2014-06-01,9,TX
1350,2014-07-01,2,TX
1351,2014-08-01,4,TX
1352,2014-09-01,3,TX
1353,2014-10-01,0,TX
1354,2014-11-01,0,TX
1355,2014-12-01,4,TX
1356,2015-01-01,3,TX
1357,2015-02-01,3,TX
1358,2015-03-01,7,TX
1359,2015-04-01,2,TX
1360,2015-05-01,7,TX
1361,2015-06-01,7,TX
1362,2015-07-01,5,TX
1363,2015-08-01,8,TX
1364,2015-09-01,5,TX
1365,2015-10-01,5,TX
1366,2015-11-01,3,TX
1367,2015-12-01,3,TX
1368,2016-01-01,5,TX
1369,2016-02-01,7,TX
1370,2016-03-01,5,TX
1371,2016-04-01,4,TX
1372,2016-05-01,5,TX
1373,2016-06-01,4,TX
1374,2016-07-01,6,TX
1375,2016-08-01,7,TX
1376,2016-09-01,8,TX
1377,2016-10-01,0,TX
1378,2016-11-01,2,TX
1379,2016-12-01,7,TX
1380,2017-01-01,7,TX
1381,2017-02-01,6,TX
1382,2017-03-01,2,TX
1383,2017-04-01,2,TX
1384,2017-05-01,2,TX
1385,2017-06-01,8,TX
1386,2017-07-01,2,TX
1387,2017-08-01,6,TX
1388,2017-09-01,10,TX
1389,2017-10-01,5,TX
1390,2017-11-01,5,TX
1391,2017-12-01,6,TX
1392,2018-01-01,5,TX
1393,2018-02-01,6,TX
1394,2018-03-01,5,TX
1395,2018-04-01,7,TX
1396,2018-05-01,5,TX
1397,2018-06-01,3,TX
1398,2018-07-01,4,TX
1399,2018-08-01,4,TX
1400,2018-09-01,2,TX
1401,2018-10-01,1,TX
1402,2018-11-01,4,TX
1403,2018-12-01,2,TX
1404,2019-01-01,4,TX
1405,2019-02-01,7,TX
1406,2019-03-01,0,TX
1407,2019-04-01,3,TX
1408,2019-05-01,4,TX
1409,2019-06-01,0,TX
1410,2019-07-01,12,TX
1411,2019-08-01,5,TX
1412,2019-09-01,3,TX
1413,2019-10-01,2,TX
1414,2019-11-01,3,TX
1415,2019-12-01,7,TX
1416,2020-01-01,1,TX
1417,2020-02-01,3,TX
1418,2020-03-01,3,TX
1419,2020-04-01,4,TX
1420,2020-05-01,7,TX
1421,2020-06-01,5,TX
1422,2020-07-01,2,TX
1423,2020-08-01,3,TX
1424,2020-09-01,4,TX
1425,2020-10-01,4,TX
1426,2020-11-01,7,TX
1427,2020-12-01,0,TX
1428,2004-01-01,0,CT
1429,2004-02-01,0,CT
1430,2004-03-01,0,CT
1431,2004-04-01,0,CT
1432,2004-05-01,0,CT
1433,2004-06-01,0,CT
1434,2004-07-01,0,CT
1435,2004-08-01,0,CT
1436,2004-09-01,0,CT
1437,2004-10-01,0,CT
1438,2004-11-01,61,CT
1439,2004-12-01,49,CT
1440,2005-01-01,0,CT
1441,2005-02-01,46,CT
1442,2005-03-01,0,CT
1443,2005-04-01,79,CT
1444,2005-05-01,0,CT
1445,2005-06-01,0,CT
1446,2005-07-01,0,CT
1447,2005-08-01,63,CT
1448,2005-09-01,100,CT
1449,2005-10-01,0,CT
1450,2005-11-01,83,CT
1451,2005-12-01,0,CT
1452,2006-01-01,0,CT
1453,2006-02-01,0,CT
1454,2006-03-01,72,CT
1455,2006-04-01,0,CT
1456,2006-05-01,0,CT
1457,2006-06-01,0,CT
1458,2006-07-01,32,CT
1459,2006-08-01,70,CT
1460,2006-09-01,0,CT
1461,2006-10-01,0,CT
1462,2006-11-01,0,CT
1463,2006-12-01,0,CT
1464,2007-01-01,0,CT
1465,2007-02-01,28,CT
1466,2007-03-01,0,CT
1467,2007-04-01,0,CT
1468,2007-05-01,0,CT
1469,2007-06-01,0,CT
1470,2007-07-01,0,CT
1471,2007-08-01,0,CT
1472,2007-09-01,0,CT
1473,2007-10-01,0,CT
1474,2007-11-01,0,CT
1475,2007-12-01,0,CT
1476,2008-01-01,0,CT
1477,2008-02-01,0,CT
1478,2008-03-01,0,CT
1479,2008-04-01,0,CT
1480,2008-05-01,0,CT
1481,2008-06-01,22,CT
1482,2008-07-01,0,CT
1483,2008-08-01,0,CT
1484,2008-09-01,0,CT
1485,2008-10-01,19,CT
1486,2008-11-01,0,CT
1487,2008-12-01,0,CT
1488,2009-01-01,0,CT
1489,2009-02-01,0,CT
1490,2009-03-01,44,CT
1491,2009-04-01,0,CT
1492,2009-05-01,0,CT
1493,2009-06-01,28,CT
1494,2009-07-01,0,CT
1495,2009-08-01,0,CT
1496,2009-09-01,0,CT
1497,2009-10-01,0,CT
1498,2009-11-01,0,CT
1499,2009-12-01,0,CT
1500,2010-01-01,0,CT
1501,2010-02-01,0,CT
1502,2010-03-01,10,CT
1503,2010-04-01,0,CT
1504,2010-05-01,0,CT
1505,2010-06-01,0,CT
1506,2010-07-01,0,CT
1507,2010-08-01,0,CT
1508,2010-09-01,0,CT
1509,2010-10-01,0,CT
1510,2010-11-01,0,CT
1511,2010-12-01,0,CT
1512,2011-01-01,0,CT
1513,2011-02-01,7,CT
1514,2011-03-01,0,CT
1515,2011-04-01,12,CT
1516,2011-05-01,8,CT
1517,2011-06-01,0,CT
1518,2011-07-01,0,CT
1519,2011-08-01,0,CT
1520,2011-09-01,0,CT
1521,2011-10-01,0,CT
1522,2011-11-01,0,CT
1523,2011-12-01,0,CT
1524,2012-01-01,0,CT
1525,2012-02-01,0,CT
1526,2012-03-01,0,CT
1527,2012-04-01,6,CT
1528,2012-05-01,10,CT
1529,2012-06-01,0,CT
1530,2012-07-01,5,CT
1531,2012-08-01,0,CT
1532,2012-09-01,10,CT
1533,2012-10-01,0,CT
1534,2012-11-01,0,CT
1535,2012-12-01,0,CT
1536,2013-01-01,3,CT
1537,2013-02-01,0,CT
1538,2013-03-01,4,CT
1539,2013-04-01,0,CT
1540,2013-05-01,8,CT
1541,2013-06-01,0,CT
1542,2013-07-01,0,CT
1543,2013-08-01,0,CT
1544,2013-09-01,0,CT
1545,2013-10-01,0,CT
1546,2013-11-01,0,CT
1547,2013-12-01,11,CT
1548,2014-01-01,4,CT
1549,2014-02-01,0,CT
1550,2014-03-01,0,CT
1551,2014-04-01,0,CT
1552,2014-05-01,0,CT
1553,2014-06-01,0,CT
1554,2014-07-01,0,CT
1555,2014-08-01,6,CT
1556,2014-09-01,7,CT
1557,2014-10-01,0,CT
1558,2014-11-01,0,CT
1559,2014-12-01,0,CT
1560,2015-01-01,5,CT
1561,2015-02-01,8,CT
1562,2015-03-01,0,CT
1563,2015-04-01,29,CT
1564,2015-05-01,16,CT
1565,2015-06-01,8,CT
1566,2015-07-01,0,CT
1567,2015-08-01,0,CT
1568,2015-09-01,0,CT
1569,2015-10-01,0,CT
1570,2015-11-01,4,CT
1571,2015-12-01,0,CT
1572,2016-01-01,3,CT
1573,2016-02-01,0,CT
1574,2016-03-01,0,CT
1575,2016-04-01,0,CT
1576,2016-05-01,6,CT
1577,2016-06-01,5,CT
1578,2016-07-01,3,CT
1579,2016-08-01,7,CT
1580,2016-09-01,0,CT
1581,2016-10-01,0,CT
1582,2016-11-01,0,CT
1583,2016-12-01,0,CT
1584,2017-01-01,10,CT
1585,2017-02-01,3,CT
1586,2017-03-01,0,CT
1587,2017-04-01,9,CT
1588,2017-05-01,4,CT
1589,2017-06-01,0,CT
1590,2017-07-01,13,CT
1591,2017-08-01,6,CT
1592,2017-09-01,4,CT
1593,2017-10-01,0,CT
1594,2017-11-01,4,CT
1595,2017-12-01,0,CT
1596,2018-01-01,0,CT
1597,2018-02-01,0,CT
1598,2018-03-01,5,CT
1599,2018-04-01,4,CT
1600,2018-05-01,0,CT
1601,2018-06-01,3,CT
1602,2018-07-01,0,CT
1603,2018-08-01,0,CT
1604,2018-09-01,4,CT
1605,2018-10-01,8,CT
1606,2018-11-01,0,CT
1607,2018-12-01,0,CT
1608,2019-01-01,3,CT
1609,2019-02-01,12,CT
1610,2019-03-01,4,CT
1611,2019-04-01,0,CT
1612,2019-05-01,0,CT
1613,2019-06-01,9,CT
1614,2019-07-01,10,CT
1615,2019-08-01,8,CT
1616,2019-09-01,4,CT
1617,2019-10-01,6,CT
1618,2019-11-01,0,CT
1619,2019-12-01,0,CT
1620,2020-01-01,4,CT
1621,2020-02-01,7,CT
1622,2020-03-01,5,CT
1623,2020-04-01,6,CT
1624,2020-05-01,8,CT
1625,2020-06-01,0,CT
1626,2020-07-01,4,CT
1627,2020-08-01,6,CT
1628,2020-09-01,7,CT
1629,2020-10-01,0,CT
1630,2020-11-01,0,CT
1631,2020-12-01,8,CT
1632,2004-01-01,0,MI
1633,2004-02-01,0,MI
1634,2004-03-01,0,MI
1635,2004-04-01,0,MI
1636,2004-05-01,100,MI
1637,2004-06-01,0,MI
1638,2004-07-01,30,MI
1639,2004-08-01,0,MI
1640,2004-09-01,23,MI
1641,2004-10-01,0,MI
1642,2004-11-01,0,MI
1643,2004-12-01,27,MI
1644,2005-01-01,0,MI
1645,2005-02-01,33,MI
1646,2005-03-01,0,MI
1647,2005-04-01,0,MI
1648,2005-05-01,0,MI
1649,2005-06-01,0,MI
1650,2005-07-01,15,MI
1651,2005-08-01,0,MI
1652,2005-09-01,0,MI
1653,2005-10-01,0,MI
1654,2005-11-01,20,MI
1655,2005-12-01,0,MI
1656,2006-01-01,0,MI
1657,2006-02-01,0,MI
1658,2006-03-01,0,MI
1659,2006-04-01,0,MI
1660,2006-05-01,0,MI
1661,2006-06-01,12,MI
1662,2006-07-01,0,MI
1663,2006-08-01,0,MI
1664,2006-09-01,0,MI
1665,2006-10-01,7,MI
1666,2006-11-01,0,MI
1667,2006-12-01,0,MI
1668,2007-01-01,18,MI
1669,2007-02-01,7,MI
1670,2007-03-01,19,MI
1671,2007-04-01,0,MI
1672,2007-05-01,14,MI
1673,2007-06-01,0,MI
1674,2007-07-01,21,MI
1675,2007-08-01,13,MI
1676,2007-09-01,0,MI
1677,2007-10-01,0,MI
1678,2007-11-01,0,MI
1679,2007-12-01,0,MI
1680,2008-01-01,0,MI
1681,2008-02-01,0,MI
1682,2008-03-01,0,MI
1683,2008-04-01,17,MI
1684,2008-05-01,9,MI
1685,2008-06-01,0,MI
1686,2008-07-01,0,MI
1687,2008-08-01,9,MI
1688,2008-09-01,0,MI
1689,2008-10-01,0,MI
1690,2008-11-01,6,MI
1691,2008-12-01,0,MI
1692,2009-01-01,0,MI
1693,2009-02-01,0,MI
1694,2009-03-01,0,MI
1695,2009-04-01,0,MI
1696,2009-05-01,0,MI
1697,2009-06-01,0,MI
1698,2009-07-01,0,MI
1699,2009-08-01,0,MI
1700,2009-09-01,8,MI
1701,2009-10-01,0,MI
1702,2009-11-01,0,MI
1703,2009-12-01,0,MI
1704,2010-01-01,0,MI
1705,2010-02-01,4,MI
1706,2010-03-01,10,MI
1707,2010-04-01,0,MI
1708,2010-05-01,0,MI
1709,2010-06-01,0,MI
1710,2010-07-01,5,MI
1711,2010-08-01,0,MI
1712,2010-09-01,0,MI
1713,2010-10-01,0,MI
1714,2010-11-01,0,MI
1715,2010-12-01,4,MI
1716,2011-01-01,0,MI
1717,2011-02-01,0,MI
1718,2011-03-01,7,MI
1719,2011-04-01,2,MI
1720,2011-05-01,6,MI
1721,2011-06-01,0,MI
1722,2011-07-01,0,MI
1723,2011-08-01,2,MI
1724,2011-09-01,0,MI
1725,2011-10-01,2,MI
1726,2011-11-01,0,MI
1727,2011-12-01,2,MI
1728,2012-01-01,2,MI
1729,2012-02-01,0,MI
1730,2012-03-01,2,MI
1731,2012-04-01,0,MI
1732,2012-05-01,0,MI
1733,2012-06-01,0,MI
1734,2012-07-01,2,MI
1735,2012-08-01,2,MI
1736,2012-09-01,0,MI
1737,2012-10-01,2,MI
1738,2012-11-01,0,MI
1739,2012-12-01,0,MI
1740,2013-01-01,4,MI
1741,2013-02-01,1,MI
1742,2013-03-01,0,MI
1743,2013-04-01,0,MI
1744,2013-05-01,0,MI
1745,2013-06-01,4,MI
1746,2013-07-01,1,MI
1747,2013-08-01,4,MI
1748,2013-09-01,0,MI
1749,2013-10-01,7,MI
1750,2013-11-01,0,MI
1751,2013-12-01,0,MI
1752,2014-01-01,2,MI
1753,2014-02-01,0,MI
1754,2014-03-01,3,MI
1755,2014-04-01,1,MI
1756,2014-05-01,0,MI
1757,2014-06-01,3,MI
1758,2014-07-01,2,MI
1759,2014-08-01,0,MI
1760,2014-09-01,0,MI
1761,2014-10-01,0,MI
1762,2014-11-01,0,MI
1763,2014-12-01,4,MI
1764,2015-01-01,3,MI
1765,2015-02-01,0,MI
1766,2015-03-01,0,MI
1767,2015-04-01,1,MI
1768,2015-05-01,0,MI
1769,2015-06-01,3,MI
1770,2015-07-01,2,MI
1771,2015-08-01,0,MI
1772,2015-09-01,1,MI
1773,2015-10-01,0,MI
1774,2015-11-01,0,MI
1775,2015-12-01,2,MI
1776,2016-01-01,3,MI
1777,2016-02-01,5,MI
1778,2016-03-01,4,MI
1779,2016-04-01,0,MI
1780,2016-05-01,2,MI
1781,2016-06-01,0,MI
1782,2016-07-01,3,MI
1783,2016-08-01,2,MI
1784,2016-09-01,4,MI
1785,2016-10-01,0,MI
1786,2016-11-01,0,MI
1787,2016-12-01,2,MI
1788,2017-01-01,0,MI
1789,2017-02-01,1,MI
1790,2017-03-01,1,MI
1791,2017-04-01,2,MI
1792,2017-05-01,2,MI
1793,2017-06-01,2,MI
1794,2017-07-01,2,MI
1795,2017-08-01,2,MI
1796,2017-09-01,0,MI
1797,2017-10-01,0,MI
1798,2017-11-01,0,MI
1799,2017-12-01,3,MI
1800,2018-01-01,2,MI
1801,2018-02-01,0,MI
1802,2018-03-01,2,MI
1803,2018-04-01,1,MI
1804,2018-05-01,1,MI
1805,2018-06-01,2,MI
1806,2018-07-01,2,MI
1807,2018-08-01,1,MI
1808,2018-09-01,2,MI
1809,2018-10-01,2,MI
1810,2018-11-01,5,MI
1811,2018-12-01,0,MI
1812,2019-01-01,3,MI
1813,2019-02-01,2,MI
1814,2019-03-01,2,MI
1815,2019-04-01,2,MI
1816,2019-05-01,3,MI
1817,2019-06-01,2,MI
1818,2019-07-01,3,MI
1819,2019-08-01,4,MI
1820,2019-09-01,0,MI
1821,2019-10-01,0,MI
1822,2019-11-01,1,MI
1823,2019-12-01,0,MI
1824,2020-01-01,0,MI
1825,2020-02-01,0,MI
1826,2020-03-01,1,MI
1827,2020-04-01,0,MI
1828,2020-05-01,2,MI
1829,2020-06-01,1,MI
1830,2020-07-01,2,MI
1831,2020-08-01,2,MI
1832,2020-09-01,0,MI
1833,2020-10-01,1,MI
1834,2020-11-01,0,MI
1835,2020-12-01,0,MI
1836,2004-01-01,0,NE
1837,2004-02-01,0,NE
1838,2004-03-01,63,NE
1839,2004-04-01,0,NE
1840,2004-05-01,100,NE
1841,2004-06-01,0,NE
1842,2004-07-01,0,NE
1843,2004-08-01,0,NE
1844,2004-09-01,0,NE
1845,2004-10-01,56,NE
1846,2004-11-01,46,NE
1847,2004-12-01,50,NE
1848,2005-01-01,0,NE
1849,2005-02-01,0,NE
1850,2005-03-01,0,NE
1851,2005-04-01,0,NE
1852,2005-05-01,0,NE
1853,2005-06-01,0,NE
1854,2005-07-01,0,NE
1855,2005-08-01,0,NE
1856,2005-09-01,0,NE
1857,2005-10-01,0,NE
1858,2005-11-01,0,NE
1859,2005-12-01,0,NE
1860,2006-01-01,27,NE
1861,2006-02-01,0,NE
1862,2006-03-01,0,NE
1863,2006-04-01,0,NE
1864,2006-05-01,0,NE
1865,2006-06-01,0,NE
1866,2006-07-01,0,NE
1867,2006-08-01,0,NE
1868,2006-09-01,0,NE
1869,2006-10-01,46,NE
1870,2006-11-01,0,NE
1871,2006-12-01,0,NE
1872,2007-01-01,0,NE
1873,2007-02-01,0,NE
1874,2007-03-01,0,NE
1875,2007-04-01,0,NE
1876,2007-05-01,0,NE
1877,2007-06-01,13,NE
1878,2007-07-01,0,NE
1879,2007-08-01,0,NE
1880,2007-09-01,0,NE
1881,2007-10-01,21,NE
1882,2007-11-01,0,NE
1883,2007-12-01,0,NE
1884,2008-01-01,0,NE
1885,2008-02-01,27,NE
1886,2008-03-01,0,NE
1887,2008-04-01,0,NE
1888,2008-05-01,0,NE
1889,2008-06-01,0,NE
1890,2008-07-01,0,NE
1891,2008-08-01,0,NE
1892,2008-09-01,0,NE
1893,2008-10-01,0,NE
1894,2008-11-01,0,NE
1895,2008-12-01,0,NE
1896,2009-01-01,0,NE
1897,2009-02-01,0,NE
1898,2009-03-01,17,NE
1899,2009-04-01,0,NE
1900,2009-05-01,0,NE
1901,2009-06-01,0,NE
1902,2009-07-01,0,NE
1903,2009-08-01,0,NE
1904,2009-09-01,13,NE
1905,2009-10-01,13,NE
1906,2009-11-01,10,NE
1907,2009-12-01,0,NE
1908,2010-01-01,9,NE
1909,2010-02-01,8,NE
1910,2010-03-01,0,NE
1911,2010-04-01,0,NE
1912,2010-05-01,0,NE
1913,2010-06-01,0,NE
1914,2010-07-01,0,NE
1915,2010-08-01,10,NE
1916,2010-09-01,21,NE
1917,2010-10-01,25,NE
1918,2010-11-01,18,NE
1919,2010-12-01,17,NE
1920,2011-01-01,0,NE
1921,2011-02-01,0,NE
1922,2011-03-01,5,NE
1923,2011-04-01,0,NE
1924,2011-05-01,0,NE
1925,2011-06-01,0,NE
1926,2011-07-01,8,NE
1927,2011-08-01,7,NE
1928,2011-09-01,0,NE
1929,2011-10-01,0,NE
1930,2011-11-01,0,NE
1931,2011-12-01,0,NE
1932,2012-01-01,0,NE
1933,2012-02-01,0,NE
1934,2012-03-01,0,NE
1935,2012-04-01,0,NE
1936,2012-05-01,0,NE
1937,2012-06-01,8,NE
1938,2012-07-01,0,NE
1939,2012-08-01,6,NE
1940,2012-09-01,0,NE
1941,2012-10-01,0,NE
1942,2012-11-01,0,NE
1943,2012-12-01,0,NE
1944,2013-01-01,0,NE
1945,2013-02-01,0,NE
1946,2013-03-01,0,NE
1947,2013-04-01,0,NE
1948,2013-05-01,0,NE
1949,2013-06-01,0,NE
1950,2013-07-01,0,NE
1951,2013-08-01,0,NE
1952,2013-09-01,0,NE
1953,2013-10-01,0,NE
1954,2013-11-01,0,NE
1955,2013-12-01,7,NE
1956,2014-01-01,0,NE
1957,2014-02-01,9,NE
1958,2014-03-01,6,NE
1959,2014-04-01,0,NE
1960,2014-05-01,0,NE
1961,2014-06-01,8,NE
1962,2014-07-01,0,NE
1963,2014-08-01,0,NE
1964,2014-09-01,0,NE
1965,2014-10-01,6,NE
1966,2014-11-01,0,NE
1967,2014-12-01,0,NE
1968,2015-01-01,0,NE
1969,2015-02-01,0,NE
1970,2015-03-01,6,NE
1971,2015-04-01,0,NE
1972,2015-05-01,0,NE
1973,2015-06-01,5,NE
1974,2015-07-01,6,NE
1975,2015-08-01,0,NE
1976,2015-09-01,0,NE
1977,2015-10-01,0,NE
1978,2015-11-01,4,NE
1979,2015-12-01,0,NE
1980,2016-01-01,2,NE
1981,2016-02-01,5,NE
1982,2016-03-01,0,NE
1983,2016-04-01,0,NE
1984,2016-05-01,0,NE
1985,2016-06-01,0,NE
1986,2016-07-01,0,NE
1987,2016-08-01,2,NE
1988,2016-09-01,0,NE
1989,2016-10-01,0,NE
1990,2016-11-01,0,NE
1991,2016-12-01,2,NE
1992,2017-01-01,3,NE
1993,2017-02-01,0,NE
1994,2017-03-01,0,NE
1995,2017-04-01,0,NE
1996,2017-05-01,0,NE
1997,2017-06-01,0,NE
1998,2017-07-01,6,NE
1999,2017-08-01,0,NE
2000,2017-09-01,0,NE
2001,2017-10-01,0,NE
2002,2017-11-01,2,NE
2003,2017-12-01,0,NE
2004,2018-01-01,0,NE
2005,2018-02-01,0,NE
2006,2018-03-01,0,NE
2007,2018-04-01,0,NE
2008,2018-05-01,0,NE
2009,2018-06-01,8,NE
2010,2018-07-01,0,NE
2011,2018-08-01,0,NE
2012,2018-09-01,0,NE
2013,2018-10-01,0,NE
2014,2018-11-01,0,NE
2015,2018-12-01,0,NE
2016,2019-01-01,2,NE
2017,2019-02-01,2,NE
2018,2019-03-01,0,NE
2019,2019-04-01,0,NE
2020,2019-05-01,3,NE
2021,2019-06-01,0,NE
2022,2019-07-01,0,NE
2023,2019-08-01,0,NE
2024,2019-09-01,0,NE
2025,2019-10-01,0,NE
2026,2019-11-01,0,NE
2027,2019-12-01,0,NE
2028,2020-01-01,5,NE
2029,2020-02-01,0,NE
2030,2020-03-01,1,NE
2031,2020-04-01,0,NE
2032,2020-05-01,0,NE
2033,2020-06-01,0,NE
2034,2020-07-01,0,NE
2035,2020-08-01,0,NE
2036,2020-09-01,2,NE
2037,2020-10-01,4,NE
2038,2020-11-01,4,NE
2039,2020-12-01,0,NE
2040,2004-01-01,0,VA
2041,2004-02-01,51,VA
2042,2004-03-01,0,VA
2043,2004-04-01,0,VA
2044,2004-05-01,0,VA
2045,2004-06-01,0,VA
2046,2004-07-01,0,VA
2047,2004-08-01,100,VA
2048,2004-09-01,0,VA
2049,2004-10-01,0,VA
2050,2004-11-01,0,VA
2051,2004-12-01,0,VA
2052,2005-01-01,0,VA
2053,2005-02-01,0,VA
2054,2005-03-01,60,VA
2055,2005-04-01,0,VA
2056,2005-05-01,33,VA
2057,2005-06-01,0,VA
2058,2005-07-01,0,VA
2059,2005-08-01,0,VA
2060,2005-09-01,43,VA
2061,2005-10-01,0,VA
2062,2005-11-01,0,VA
2063,2005-12-01,0,VA
2064,2006-01-01,0,VA
2065,2006-02-01,0,VA
2066,2006-03-01,30,VA
2067,2006-04-01,20,VA
2068,2006-05-01,0,VA
2069,2006-06-01,46,VA
2070,2006-07-01,0,VA
2071,2006-08-01,0,VA
2072,2006-09-01,0,VA
2073,2006-10-01,0,VA
2074,2006-11-01,0,VA
2075,2006-12-01,0,VA
2076,2007-01-01,0,VA
2077,2007-02-01,20,VA
2078,2007-03-01,0,VA
2079,2007-04-01,0,VA
2080,2007-05-01,12,VA
2081,2007-06-01,0,VA
2082,2007-07-01,22,VA
2083,2007-08-01,0,VA
2084,2007-09-01,0,VA
2085,2007-10-01,7,VA
2086,2007-11-01,0,VA
2087,2007-12-01,0,VA
2088,2008-01-01,17,VA
2089,2008-02-01,5,VA
2090,2008-03-01,0,VA
2091,2008-04-01,5,VA
2092,2008-05-01,9,VA
2093,2008-06-01,23,VA
2094,2008-07-01,4,VA
2095,2008-08-01,4,VA
2096,2008-09-01,0,VA
2097,2008-10-01,4,VA
2098,2008-11-01,6,VA
2099,2008-12-01,5,VA
2100,2009-01-01,0,VA
2101,2009-02-01,0,VA
2102,2009-03-01,5,VA
2103,2009-04-01,0,VA
2104,2009-05-01,0,VA
2105,2009-06-01,0,VA
2106,2009-07-01,0,VA
2107,2009-08-01,0,VA
2108,2009-09-01,5,VA
2109,2009-10-01,2,VA
2110,2009-11-01,2,VA
2111,2009-12-01,0,VA
2112,2010-01-01,0,VA
2113,2010-02-01,0,VA
2114,2010-03-01,2,VA
2115,2010-04-01,2,VA
2116,2010-05-01,0,VA
2117,2010-06-01,2,VA
2118,2010-07-01,0,VA
2119,2010-08-01,0,VA
2120,2010-09-01,0,VA
2121,2010-10-01,0,VA
2122,2010-11-01,3,VA
2123,2010-12-01,0,VA
2124,2011-01-01,0,VA
2125,2011-02-01,0,VA
2126,2011-03-01,9,VA
2127,2011-04-01,0,VA
2128,2011-05-01,0,VA
2129,2011-06-01,5,VA
2130,2011-07-01,11,VA
2131,2011-08-01,8,VA
2132,2011-09-01,9,VA
2133,2011-10-01,0,VA
2134,2011-11-01,0,VA
2135,2011-12-01,7,VA
2136,2012-01-01,4,VA
2137,2012-02-01,7,VA
2138,2012-03-01,9,VA
2139,2012-04-01,0,VA
2140,2012-05-01,5,VA
2141,2012-06-01,0,VA
2142,2012-07-01,0,VA
2143,2012-08-01,4,VA
2144,2012-09-01,0,VA
2145,2012-10-01,0,VA
2146,2012-11-01,0,VA
2147,2012-12-01,6,VA
2148,2013-01-01,0,VA
2149,2013-02-01,0,VA
2150,2013-03-01,3,VA
2151,2013-04-01,0,VA
2152,2013-05-01,4,VA
2153,2013-06-01,9,VA
2154,2013-07-01,0,VA
2155,2013-08-01,4,VA
2156,2013-09-01,3,VA
2157,2013-10-01,3,VA
2158,2013-11-01,3,VA
2159,2013-12-01,0,VA
2160,2014-01-01,0,VA
2161,2014-02-01,5,VA
2162,2014-03-01,5,VA
2163,2014-04-01,0,VA
2164,2014-05-01,6,VA
2165,2014-06-01,2,VA
2166,2014-07-01,2,VA
2167,2014-08-01,3,VA
2168,2014-09-01,3,VA
2169,2014-10-01,3,VA
2170,2014-11-01,0,VA
2171,2014-12-01,0,VA
2172,2015-01-01,0,VA
2173,2015-02-01,0,VA
2174,2015-03-01,4,VA
2175,2015-04-01,0,VA
2176,2015-05-01,1,VA
2177,2015-06-01,1,VA
2178,2015-07-01,0,VA
2179,2015-08-01,3,VA
2180,2015-09-01,0,VA
2181,2015-10-01,6,VA
2182,2015-11-01,0,VA
2183,2015-12-01,10,VA
2184,2016-01-01,3,VA
2185,2016-02-01,5,VA
2186,2016-03-01,5,VA
2187,2016-04-01,3,VA
2188,2016-05-01,9,VA
2189,2016-06-01,3,VA
2190,2016-07-01,3,VA
2191,2016-08-01,9,VA
2192,2016-09-01,4,VA
2193,2016-10-01,8,VA
2194,2016-11-01,2,VA
2195,2016-12-01,2,VA
2196,2017-01-01,4,VA
2197,2017-02-01,0,VA
2198,2017-03-01,8,VA
2199,2017-04-01,7,VA
2200,2017-05-01,5,VA
2201,2017-06-01,0,VA
2202,2017-07-01,0,VA
2203,2017-08-01,4,VA
2204,2017-09-01,4,VA
2205,2017-10-01,7,VA
2206,2017-11-01,1,VA
2207,2017-12-01,3,VA
2208,2018-01-01,5,VA
2209,2018-02-01,8,VA
2210,2018-03-01,6,VA
2211,2018-04-01,4,VA
2212,2018-05-01,5,VA
2213,2018-06-01,4,VA
2214,2018-07-01,8,VA
2215,2018-08-01,3,VA
2216,2018-09-01,2,VA
2217,2018-10-01,7,VA
2218,2018-11-01,5,VA
2219,2018-12-01,0,VA
2220,2019-01-01,3,VA
2221,2019-02-01,5,VA
2222,2019-03-01,2,VA
2223,2019-04-01,0,VA
2224,2019-05-01,3,VA
2225,2019-06-01,5,VA
2226,2019-07-01,2,VA
2227,2019-08-01,3,VA
2228,2019-09-01,2,VA
2229,2019-10-01,4,VA
2230,2019-11-01,1,VA
2231,2019-12-01,4,VA
2232,2020-01-01,6,VA
2233,2020-02-01,0,VA
2234,2020-03-01,3,VA
2235,2020-04-01,7,VA
2236,2020-05-01,6,VA
2237,2020-06-01,5,VA
2238,2020-07-01,4,VA
2239,2020-08-01,7,VA
2240,2020-09-01,3,VA
2241,2020-10-01,8,VA
2242,2020-11-01,0,VA
2243,2020-12-01,4,VA
2244,2004-01-01,47,CA
2245,2004-02-01,0,CA
2246,2004-03-01,0,CA
2247,2004-04-01,79,CA
2248,2004-05-01,0,CA
2249,2004-06-01,0,CA
2250,2004-07-01,65,CA
2251,2004-08-01,0,CA
2252,2004-09-01,0,CA
2253,2004-10-01,73,CA
2254,2004-11-01,0,CA
2255,2004-12-01,32,CA
2256,2005-01-01,100,CA
2257,2005-02-01,38,CA
2258,2005-03-01,42,CA
2259,2005-04-01,0,CA
2260,2005-05-01,78,CA
2261,2005-06-01,57,CA
2262,2005-07-01,80,CA
2263,2005-08-01,43,CA
2264,2005-09-01,32,CA
2265,2005-10-01,37,CA
2266,2005-11-01,71,CA
2267,2005-12-01,23,CA
2268,2006-01-01,0,CA
2269,2006-02-01,0,CA
2270,2006-03-01,0,CA
2271,2006-04-01,58,CA
2272,2006-05-01,0,CA
2273,2006-06-01,36,CA
2274,2006-07-01,28,CA
2275,2006-08-01,86,CA
2276,2006-09-01,24,CA
2277,2006-10-01,29,CA
2278,2006-11-01,0,CA
2279,2006-12-01,0,CA
2280,2007-01-01,63,CA
2281,2007-02-01,25,CA
2282,2007-03-01,51,CA
2283,2007-04-01,19,CA
2284,2007-05-01,14,CA
2285,2007-06-01,11,CA
2286,2007-07-01,10,CA
2287,2007-08-01,0,CA
2288,2007-09-01,19,CA
2289,2007-10-01,22,CA
2290,2007-11-01,24,CA
2291,2007-12-01,0,CA
2292,2008-01-01,10,CA
2293,2008-02-01,17,CA
2294,2008-03-01,16,CA
2295,2008-04-01,19,CA
2296,2008-05-01,15,CA
2297,2008-06-01,0,CA
2298,2008-07-01,11,CA
2299,2008-08-01,23,CA
2300,2008-09-01,12,CA
2301,2008-10-01,0,CA
2302,2008-11-01,0,CA
2303,2008-12-01,9,CA
2304,2009-01-01,12,CA
2305,2009-02-01,10,CA
2306,2009-03-01,12,CA
2307,2009-04-01,25,CA
2308,2009-05-01,12,CA
2309,2009-06-01,0,CA
2310,2009-07-01,26,CA
2311,2009-08-01,15,CA
2312,2009-09-01,20,CA
2313,2009-10-01,9,CA
2314,2009-11-01,8,CA
2315,2009-12-01,0,CA
2316,2010-01-01,6,CA
2317,2010-02-01,7,CA
2318,2010-03-01,10,CA
2319,2010-04-01,0,CA
2320,2010-05-01,0,CA
2321,2010-06-01,11,CA
2322,2010-07-01,15,CA
2323,2010-08-01,0,CA
2324,2010-09-01,6,CA
2325,2010-10-01,10,CA
2326,2010-11-01,8,CA
2327,2010-12-01,6,CA
2328,2011-01-01,9,CA
2329,2011-02-01,13,CA
2330,2011-03-01,9,CA
2331,2011-04-01,28,CA
2332,2011-05-01,9,CA
2333,2011-06-01,0,CA
2334,2011-07-01,5,CA
2335,2011-08-01,16,CA
2336,2011-09-01,21,CA
2337,2011-10-01,11,CA
2338,2011-11-01,15,CA
2339,2011-12-01,15,CA
2340,2012-01-01,14,CA
2341,2012-02-01,17,CA
2342,2012-03-01,17,CA
2343,2012-04-01,9,CA
2344,2012-05-01,8,CA
2345,2012-06-01,14,CA
2346,2012-07-01,20,CA
2347,2012-08-01,8,CA
2348,2012-09-01,9,CA
2349,2012-10-01,0,CA
2350,2012-11-01,5,CA
2351,2012-12-01,8,CA
2352,2013-01-01,17,CA
2353,2013-02-01,12,CA
2354,2013-03-01,11,CA
2355,2013-04-01,10,CA
2356,2013-05-01,17,CA
2357,2013-06-01,11,CA
2358,2013-07-01,14,CA
2359,2013-08-01,11,CA
2360,2013-09-01,15,CA
2361,2013-10-01,8,CA
2362,2013-11-01,7,CA
2363,2013-12-01,13,CA
2364,2014-01-01,8,CA
2365,2014-02-01,15,CA
2366,2014-03-01,19,CA
2367,2014-04-01,15,CA
2368,2014-05-01,11,CA
2369,2014-06-01,15,CA
2370,2014-07-01,10,CA
2371,2014-08-01,10,CA
2372,2014-09-01,8,CA
2373,2014-10-01,3,CA
2374,2014-11-01,18,CA
2375,2014-12-01,11,CA
2376,2015-01-01,14,CA
2377,2015-02-01,11,CA
2378,2015-03-01,8,CA
2379,2015-04-01,7,CA
2380,2015-05-01,6,CA
2381,2015-06-01,9,CA
2382,2015-07-01,14,CA
2383,2015-08-01,13,CA
2384,2015-09-01,14,CA
2385,2015-10-01,10,CA
2386,2015-11-01,7,CA
2387,2015-12-01,12,CA
2388,2016-01-01,19,CA
2389,2016-02-01,19,CA
2390,2016-03-01,16,CA
2391,2016-04-01,17,CA
2392,2016-05-01,17,CA
2393,2016-06-01,24,CA
2394,2016-07-01,14,CA
2395,2016-08-01,26,CA
2396,2016-09-01,25,CA
2397,2016-10-01,13,CA
2398,2016-11-01,16,CA
2399,2016-12-01,8,CA
2400,2017-01-01,15,CA
2401,2017-02-01,10,CA
2402,2017-03-01,19,CA
2403,2017-04-01,19,CA
2404,2017-05-01,17,CA
2405,2017-06-01,15,CA
2406,2017-07-01,16,CA
2407,2017-08-01,9,CA
2408,2017-09-01,9,CA
2409,2017-10-01,9,CA
2410,2017-11-01,13,CA
2411,2017-12-01,9,CA
2412,2018-01-01,15,CA
2413,2018-02-01,11,CA
2414,2018-03-01,19,CA
2415,2018-04-01,12,CA
2416,2018-05-01,14,CA
2417,2018-06-01,9,CA
2418,2018-07-01,14,CA
2419,2018-08-01,14,CA
2420,2018-09-01,13,CA
2421,2018-10-01,14,CA
2422,2018-11-01,12,CA
2423,2018-12-01,11,CA
2424,2019-01-01,11,CA
2425,2019-02-01,20,CA
2426,2019-03-01,11,CA
2427,2019-04-01,14,CA
2428,2019-05-01,10,CA
2429,2019-06-01,16,CA
2430,2019-07-01,11,CA
2431,2019-08-01,18,CA
2432,2019-09-01,8,CA
2433,2019-10-01,7,CA
2434,2019-11-01,11,CA
2435,2019-12-01,10,CA
2436,2020-01-01,13,CA
2437,2020-02-01,9,CA
2438,2020-03-01,7,CA
2439,2020-04-01,11,CA
2440,2020-05-01,11,CA
2441,2020-06-01,12,CA
2442,2020-07-01,19,CA
2443,2020-08-01,10,CA
2444,2020-09-01,15,CA
2445,2020-10-01,10,CA
2446,2020-11-01,8,CA
2447,2020-12-01,8,CA
2448,2004-01-01,0,FL
2449,2004-02-01,58,FL
2450,2004-03-01,0,FL
2451,2004-04-01,0,FL
2452,2004-05-01,0,FL
2453,2004-06-01,82,FL
2454,2004-07-01,100,FL
2455,2004-08-01,0,FL
2456,2004-09-01,47,FL
2457,2004-10-01,0,FL
2458,2004-11-01,0,FL
2459,2004-12-01,95,FL
2460,2005-01-01,0,FL
2461,2005-02-01,61,FL
2462,2005-03-01,0,FL
2463,2005-04-01,0,FL
2464,2005-05-01,0,FL
2465,2005-06-01,0,FL
2466,2005-07-01,48,FL
2467,2005-08-01,23,FL
2468,2005-09-01,0,FL
2469,2005-10-01,22,FL
2470,2005-11-01,32,FL
2471,2005-12-01,24,FL
2472,2006-01-01,22,FL
2473,2006-02-01,23,FL
2474,2006-03-01,0,FL
2475,2006-04-01,34,FL
2476,2006-05-01,51,FL
2477,2006-06-01,18,FL
2478,2006-07-01,32,FL
2479,2006-08-01,35,FL
2480,2006-09-01,0,FL
2481,2006-10-01,0,FL
2482,2006-11-01,0,FL
2483,2006-12-01,0,FL
2484,2007-01-01,19,FL
2485,2007-02-01,18,FL
2486,2007-03-01,0,FL
2487,2007-04-01,11,FL
2488,2007-05-01,20,FL
2489,2007-06-01,0,FL
2490,2007-07-01,0,FL
2491,2007-08-01,0,FL
2492,2007-09-01,11,FL
2493,2007-10-01,16,FL
2494,2007-11-01,17,FL
2495,2007-12-01,13,FL
2496,2008-01-01,13,FL
2497,2008-02-01,0,FL
2498,2008-03-01,19,FL
2499,2008-04-01,0,FL
2500,2008-05-01,15,FL
2501,2008-06-01,0,FL
2502,2008-07-01,0,FL
2503,2008-08-01,0,FL
2504,2008-09-01,0,FL
2505,2008-10-01,0,FL
2506,2008-11-01,8,FL
2507,2008-12-01,0,FL
2508,2009-01-01,0,FL
2509,2009-02-01,14,FL
2510,2009-03-01,9,FL
2511,2009-04-01,27,FL
2512,2009-05-01,9,FL
2513,2009-06-01,11,FL
2514,2009-07-01,7,FL
2515,2009-08-01,0,FL
2516,2009-09-01,0,FL
2517,2009-10-01,18,FL
2518,2009-11-01,0,FL
2519,2009-12-01,7,FL
2520,2010-01-01,0,FL
2521,2010-02-01,7,FL
2522,2010-03-01,0,FL
2523,2010-04-01,50,FL
2524,2010-05-01,0,FL
2525,2010-06-01,16,FL
2526,2010-07-01,16,FL
2527,2010-08-01,0,FL
2528,2010-09-01,9,FL
2529,2010-10-01,8,FL
2530,2010-11-01,8,FL
2531,2010-12-01,8,FL
2532,2011-01-01,8,FL
2533,2011-02-01,22,FL
2534,2011-03-01,15,FL
2535,2011-04-01,15,FL
2536,2011-05-01,11,FL
2537,2011-06-01,11,FL
2538,2011-07-01,12,FL
2539,2011-08-01,9,FL
2540,2011-09-01,10,FL
2541,2011-10-01,22,FL
2542,2011-11-01,3,FL
2543,2011-12-01,25,FL
2544,2012-01-01,10,FL
2545,2012-02-01,12,FL
2546,2012-03-01,6,FL
2547,2012-04-01,8,FL
2548,2012-05-01,7,FL
2549,2012-06-01,9,FL
2550,2012-07-01,12,FL
2551,2012-08-01,14,FL
2552,2012-09-01,12,FL
2553,2012-10-01,10,FL
2554,2012-11-01,9,FL
2555,2012-12-01,9,FL
2556,2013-01-01,5,FL
2557,2013-02-01,4,FL
2558,2013-03-01,9,FL
2559,2013-04-01,9,FL
2560,2013-05-01,8,FL
2561,2013-06-01,6,FL
2562,2013-07-01,13,FL
2563,2013-08-01,7,FL
2564,2013-09-01,15,FL
2565,2013-10-01,8,FL
2566,2013-11-01,3,FL
2567,2013-12-01,4,FL
2568,2014-01-01,12,FL
2569,2014-02-01,15,FL
2570,2014-03-01,13,FL
2571,2014-04-01,11,FL
2572,2014-05-01,7,FL
2573,2014-06-01,5,FL
2574,2014-07-01,12,FL
2575,2014-08-01,4,FL
2576,2014-09-01,8,FL
2577,2014-10-01,4,FL
2578,2014-11-01,5,FL
2579,2014-12-01,8,FL
2580,2015-01-01,15,FL
2581,2015-02-01,7,FL
2582,2015-03-01,11,FL
2583,2015-04-01,9,FL
2584,2015-05-01,12,FL
2585,2015-06-01,12,FL
2586,2015-07-01,12,FL
2587,2015-08-01,20,FL
2588,2015-09-01,5,FL
2589,2015-10-01,8,FL
2590,2015-11-01,12,FL
2591,2015-12-01,4,FL
2592,2016-01-01,17,FL
2593,2016-02-01,6,FL
2594,2016-03-01,11,FL
2595,2016-04-01,13,FL
2596,2016-05-01,14,FL
2597,2016-06-01,11,FL
2598,2016-07-01,12,FL
2599,2016-08-01,15,FL
2600,2016-09-01,5,FL
2601,2016-10-01,11,FL
2602,2016-11-01,13,FL
2603,2016-12-01,10,FL
2604,2017-01-01,10,FL
2605,2017-02-01,13,FL
2606,2017-03-01,12,FL
2607,2017-04-01,9,FL
2608,2017-05-01,11,FL
2609,2017-06-01,12,FL
2610,2017-07-01,15,FL
2611,2017-08-01,15,FL
2612,2017-09-01,13,FL
2613,2017-10-01,6,FL
2614,2017-11-01,9,FL
2615,2017-12-01,10,FL
2616,2018-01-01,12,FL
2617,2018-02-01,10,FL
2618,2018-03-01,11,FL
2619,2018-04-01,6,FL
2620,2018-05-01,9,FL
2621,2018-06-01,6,FL
2622,2018-07-01,10,FL
2623,2018-08-01,11,FL
2624,2018-09-01,11,FL
2625,2018-10-01,9,FL
2626,2018-11-01,4,FL
2627,2018-12-01,6,FL
2628,2019-01-01,8,FL
2629,2019-02-01,15,FL
2630,2019-03-01,8,FL
2631,2019-04-01,8,FL
2632,2019-05-01,10,FL
2633,2019-06-01,11,FL
2634,2019-07-01,12,FL
2635,2019-08-01,8,FL
2636,2019-09-01,14,FL
2637,2019-10-01,9,FL
2638,2019-11-01,12,FL
2639,2019-12-01,7,FL
2640,2020-01-01,16,FL
2641,2020-02-01,12,FL
2642,2020-03-01,8,FL
2643,2020-04-01,5,FL
2644,2020-05-01,10,FL
2645,2020-06-01,10,FL
2646,2020-07-01,12,FL
2647,2020-08-01,11,FL
2648,2020-09-01,10,FL
2649,2020-10-01,7,FL
2650,2020-11-01,11,FL
2651,2020-12-01,6,FL
2652,2004-01-01,0,PA
2653,2004-02-01,0,PA
2654,2004-03-01,0,PA
2655,2004-04-01,96,PA
2656,2004-05-01,0,PA
2657,2004-06-01,0,PA
2658,2004-07-01,0,PA
2659,2004-08-01,0,PA
2660,2004-09-01,0,PA
2661,2004-10-01,84,PA
2662,2004-11-01,99,PA
2663,2004-12-01,0,PA
2664,2005-01-01,0,PA
2665,2005-02-01,0,PA
2666,2005-03-01,0,PA
2667,2005-04-01,56,PA
2668,2005-05-01,0,PA
2669,2005-06-01,0,PA
2670,2005-07-01,55,PA
2671,2005-08-01,28,PA
2672,2005-09-01,100,PA
2673,2005-10-01,0,PA
2674,2005-11-01,0,PA
2675,2005-12-01,0,PA
2676,2006-01-01,0,PA
2677,2006-02-01,0,PA
2678,2006-03-01,28,PA
2679,2006-04-01,0,PA
2680,2006-05-01,0,PA
2681,2006-06-01,60,PA
2682,2006-07-01,0,PA
2683,2006-08-01,0,PA
2684,2006-09-01,22,PA
2685,2006-10-01,0,PA
2686,2006-11-01,21,PA
2687,2006-12-01,0,PA
2688,2007-01-01,0,PA
2689,2007-02-01,0,PA
2690,2007-03-01,16,PA
2691,2007-04-01,0,PA
2692,2007-05-01,0,PA
2693,2007-06-01,0,PA
2694,2007-07-01,0,PA
2695,2007-08-01,0,PA
2696,2007-09-01,0,PA
2697,2007-10-01,15,PA
2698,2007-11-01,0,PA
2699,2007-12-01,27,PA
2700,2008-01-01,25,PA
2701,2008-02-01,0,PA
2702,2008-03-01,0,PA
2703,2008-04-01,30,PA
2704,2008-05-01,0,PA
2705,2008-06-01,0,PA
2706,2008-07-01,21,PA
2707,2008-08-01,21,PA
2708,2008-09-01,0,PA
2709,2008-10-01,0,PA
2710,2008-11-01,0,PA
2711,2008-12-01,0,PA
2712,2009-01-01,0,PA
2713,2009-02-01,0,PA
2714,2009-03-01,0,PA
2715,2009-04-01,14,PA
2716,2009-05-01,11,PA
2717,2009-06-01,0,PA
2718,2009-07-01,0,PA
2719,2009-08-01,0,PA
2720,2009-09-01,16,PA
2721,2009-10-01,0,PA
2722,2009-11-01,34,PA
2723,2009-12-01,0,PA
2724,2010-01-01,0,PA
2725,2010-02-01,0,PA
2726,2010-03-01,0,PA
2727,2010-04-01,0,PA
2728,2010-05-01,0,PA
2729,2010-06-01,15,PA
2730,2010-07-01,0,PA
2731,2010-08-01,0,PA
2732,2010-09-01,0,PA
2733,2010-10-01,0,PA
2734,2010-11-01,0,PA
2735,2010-12-01,0,PA
2736,2011-01-01,0,PA
2737,2011-02-01,26,PA
2738,2011-03-01,7,PA
2739,2011-04-01,10,PA
2740,2011-05-01,0,PA
2741,2011-06-01,0,PA
2742,2011-07-01,9,PA
2743,2011-08-01,0,PA
2744,2011-09-01,4,PA
2745,2011-10-01,5,PA
2746,2011-11-01,0,PA
2747,2011-12-01,0,PA
2748,2012-01-01,7,PA
2749,2012-02-01,11,PA
2750,2012-03-01,4,PA
2751,2012-04-01,9,PA
2752,2012-05-01,0,PA
2753,2012-06-01,16,PA
2754,2012-07-01,4,PA
2755,2012-08-01,0,PA
2756,2012-09-01,0,PA
2757,2012-10-01,0,PA
2758,2012-11-01,4,PA
2759,2012-12-01,0,PA
2760,2013-01-01,0,PA
2761,2013-02-01,5,PA
2762,2013-03-01,3,PA
2763,2013-04-01,8,PA
2764,2013-05-01,13,PA
2765,2013-06-01,0,PA
2766,2013-07-01,0,PA
2767,2013-08-01,7,PA
2768,2013-09-01,7,PA
2769,2013-10-01,5,PA
2770,2013-11-01,6,PA
2771,2013-12-01,0,PA
2772,2014-01-01,7,PA
2773,2014-02-01,3,PA
2774,2014-03-01,9,PA
2775,2014-04-01,0,PA
2776,2014-05-01,0,PA
2777,2014-06-01,4,PA
2778,2014-07-01,7,PA
2779,2014-08-01,6,PA
2780,2014-09-01,6,PA
2781,2014-10-01,0,PA
2782,2014-11-01,5,PA
2783,2014-12-01,0,PA
2784,2015-01-01,6,PA
2785,2015-02-01,6,PA
2786,2015-03-01,8,PA
2787,2015-04-01,4,PA
2788,2015-05-01,7,PA
2789,2015-06-01,19,PA
2790,2015-07-01,4,PA
2791,2015-08-01,5,PA
2792,2015-09-01,0,PA
2793,2015-10-01,5,PA
2794,2015-11-01,0,PA
2795,2015-12-01,0,PA
2796,2016-01-01,4,PA
2797,2016-02-01,4,PA
2798,2016-03-01,6,PA
2799,2016-04-01,8,PA
2800,2016-05-01,8,PA
2801,2016-06-01,3,PA
2802,2016-07-01,3,PA
2803,2016-08-01,0,PA
2804,2016-09-01,5,PA
2805,2016-10-01,6,PA
2806,2016-11-01,0,PA
2807,2016-12-01,0,PA
2808,2017-01-01,5,PA
2809,2017-02-01,7,PA
2810,2017-03-01,5,PA
2811,2017-04-01,4,PA
2812,2017-05-01,5,PA
2813,2017-06-01,4,PA
2814,2017-07-01,7,PA
2815,2017-08-01,3,PA
2816,2017-09-01,4,PA
2817,2017-10-01,4,PA
2818,2017-11-01,0,PA
2819,2017-12-01,3,PA
2820,2018-01-01,7,PA
2821,2018-02-01,6,PA
2822,2018-03-01,3,PA
2823,2018-04-01,4,PA
2824,2018-05-01,18,PA
2825,2018-06-01,0,PA
2826,2018-07-01,6,PA
2827,2018-08-01,0,PA
2828,2018-09-01,3,PA
2829,2018-10-01,3,PA
2830,2018-11-01,0,PA
2831,2018-12-01,0,PA
2832,2019-01-01,0,PA
2833,2019-02-01,7,PA
2834,2019-03-01,3,PA
2835,2019-04-01,2,PA
2836,2019-05-01,8,PA
2837,2019-06-01,7,PA
2838,2019-07-01,12,PA
2839,2019-08-01,7,PA
2840,2019-09-01,14,PA
2841,2019-10-01,4,PA
2842,2019-11-01,2,PA
2843,2019-12-01,11,PA
2844,2020-01-01,3,PA
2845,2020-02-01,6,PA
2846,2020-03-01,4,PA
2847,2020-04-01,0,PA
2848,2020-05-01,3,PA
2849,2020-06-01,3,PA
2850,2020-07-01,5,PA
2851,2020-08-01,5,PA
2852,2020-09-01,3,PA
2853,2020-10-01,5,PA
2854,2020-11-01,4,PA
2855,2020-12-01,4,PA
2856,2004-01-01,0,IL
2857,2004-02-01,0,IL
2858,2004-03-01,0,IL
2859,2004-04-01,0,IL
2860,2004-05-01,0,IL
2861,2004-06-01,0,IL
2862,2004-07-01,100,IL
2863,2004-08-01,0,IL
2864,2004-09-01,35,IL
2865,2004-10-01,0,IL
2866,2004-11-01,28,IL
2867,2004-12-01,0,IL
2868,2005-01-01,0,IL
2869,2005-02-01,0,IL
2870,2005-03-01,0,IL
2871,2005-04-01,0,IL
2872,2005-05-01,20,IL
2873,2005-06-01,0,IL
2874,2005-07-01,39,IL
2875,2005-08-01,0,IL
2876,2005-09-01,39,IL
2877,2005-10-01,0,IL
2878,2005-11-01,0,IL
2879,2005-12-01,0,IL
2880,2006-01-01,0,IL
2881,2006-02-01,0,IL
2882,2006-03-01,13,IL
2883,2006-04-01,0,IL
2884,2006-05-01,37,IL
2885,2006-06-01,0,IL
2886,2006-07-01,50,IL
2887,2006-08-01,0,IL
2888,2006-09-01,0,IL
2889,2006-10-01,17,IL
2890,2006-11-01,0,IL
2891,2006-12-01,0,IL
2892,2007-01-01,0,IL
2893,2007-02-01,0,IL
2894,2007-03-01,22,IL
2895,2007-04-01,0,IL
2896,2007-05-01,0,IL
2897,2007-06-01,0,IL
2898,2007-07-01,0,IL
2899,2007-08-01,23,IL
2900,2007-09-01,0,IL
2901,2007-10-01,13,IL
2902,2007-11-01,16,IL
2903,2007-12-01,0,IL
2904,2008-01-01,0,IL
2905,2008-02-01,0,IL
2906,2008-03-01,0,IL
2907,2008-04-01,13,IL
2908,2008-05-01,0,IL
2909,2008-06-01,0,IL
2910,2008-07-01,11,IL
2911,2008-08-01,0,IL
2912,2008-09-01,16,IL
2913,2008-10-01,0,IL
2914,2008-11-01,0,IL
2915,2008-12-01,8,IL
2916,2009-01-01,0,IL
2917,2009-02-01,0,IL
2918,2009-03-01,13,IL
2919,2009-04-01,0,IL
2920,2009-05-01,0,IL
2921,2009-06-01,0,IL
2922,2009-07-01,0,IL
2923,2009-08-01,8,IL
2924,2009-09-01,0,IL
2925,2009-10-01,0,IL
2926,2009-11-01,0,IL
2927,2009-12-01,7,IL
2928,2010-01-01,11,IL
2929,2010-02-01,0,IL
2930,2010-03-01,0,IL
2931,2010-04-01,0,IL
2932,2010-05-01,0,IL
2933,2010-06-01,0,IL
2934,2010-07-01,0,IL
2935,2010-08-01,17,IL
2936,2010-09-01,11,IL
2937,2010-10-01,0,IL
2938,2010-11-01,0,IL
2939,2010-12-01,12,IL
2940,2011-01-01,5,IL
2941,2011-02-01,0,IL
2942,2011-03-01,5,IL
2943,2011-04-01,4,IL
2944,2011-05-01,6,IL
2945,2011-06-01,4,IL
2946,2011-07-01,4,IL
2947,2011-08-01,0,IL
2948,2011-09-01,0,IL
2949,2011-10-01,2,IL
2950,2011-11-01,6,IL
2951,2011-12-01,6,IL
2952,2012-01-01,5,IL
2953,2012-02-01,3,IL
2954,2012-03-01,8,IL
2955,2012-04-01,0,IL
2956,2012-05-01,0,IL
2957,2012-06-01,2,IL
2958,2012-07-01,3,IL
2959,2012-08-01,0,IL
2960,2012-09-01,4,IL
2961,2012-10-01,3,IL
2962,2012-11-01,5,IL
2963,2012-12-01,0,IL
2964,2013-01-01,6,IL
2965,2013-02-01,6,IL
2966,2013-03-01,6,IL
2967,2013-04-01,9,IL
2968,2013-05-01,4,IL
2969,2013-06-01,0,IL
2970,2013-07-01,4,IL
2971,2013-08-01,2,IL
2972,2013-09-01,6,IL
2973,2013-10-01,4,IL
2974,2013-11-01,15,IL
2975,2013-12-01,2,IL
2976,2014-01-01,0,IL
2977,2014-02-01,7,IL
2978,2014-03-01,5,IL
2979,2014-04-01,9,IL
2980,2014-05-01,8,IL
2981,2014-06-01,0,IL
2982,2014-07-01,4,IL
2983,2014-08-01,6,IL
2984,2014-09-01,0,IL
2985,2014-10-01,9,IL
2986,2014-11-01,6,IL
2987,2014-12-01,4,IL
2988,2015-01-01,0,IL
2989,2015-02-01,6,IL
2990,2015-03-01,5,IL
2991,2015-04-01,3,IL
2992,2015-05-01,3,IL
2993,2015-06-01,0,IL
2994,2015-07-01,7,IL
2995,2015-08-01,2,IL
2996,2015-09-01,4,IL
2997,2015-10-01,8,IL
2998,2015-11-01,10,IL
2999,2015-12-01,6,IL
3000,2016-01-01,4,IL
3001,2016-02-01,3,IL
3002,2016-03-01,5,IL
3003,2016-04-01,3,IL
3004,2016-05-01,4,IL
3005,2016-06-01,2,IL
3006,2016-07-01,0,IL
3007,2016-08-01,2,IL
3008,2016-09-01,3,IL
3009,2016-10-01,0,IL
3010,2016-11-01,3,IL
3011,2016-12-01,3,IL
3012,2017-01-01,7,IL
3013,2017-02-01,4,IL
3014,2017-03-01,5,IL
3015,2017-04-01,6,IL
3016,2017-05-01,4,IL
3017,2017-06-01,8,IL
3018,2017-07-01,3,IL
3019,2017-08-01,2,IL
3020,2017-09-01,4,IL
3021,2017-10-01,4,IL
3022,2017-11-01,3,IL
3023,2017-12-01,2,IL
3024,2018-01-01,6,IL
3025,2018-02-01,0,IL
3026,2018-03-01,7,IL
3027,2018-04-01,6,IL
3028,2018-05-01,5,IL
3029,2018-06-01,6,IL
3030,2018-07-01,6,IL
3031,2018-08-01,6,IL
3032,2018-09-01,0,IL
3033,2018-10-01,9,IL
3034,2018-11-01,9,IL
3035,2018-12-01,7,IL
3036,2019-01-01,6,IL
3037,2019-02-01,5,IL
3038,2019-03-01,2,IL
3039,2019-04-01,6,IL
3040,2019-05-01,10,IL
3041,2019-06-01,5,IL
3042,2019-07-01,3,IL
3043,2019-08-01,7,IL
3044,2019-09-01,3,IL
3045,2019-10-01,7,IL
3046,2019-11-01,5,IL
3047,2019-12-01,4,IL
3048,2020-01-01,6,IL
3049,2020-02-01,9,IL
3050,2020-03-01,4,IL
3051,2020-04-01,2,IL
3052,2020-05-01,6,IL
3053,2020-06-01,4,IL
3054,2020-07-01,6,IL
3055,2020-08-01,5,IL
3056,2020-09-01,0,IL
3057,2020-10-01,3,IL
3058,2020-11-01,7,IL
3059,2020-12-01,0,IL
3060,2004-01-01,0,GA
3061,2004-02-01,52,GA
3062,2004-03-01,82,GA
3063,2004-04-01,100,GA
3064,2004-05-01,0,GA
3065,2004-06-01,0,GA
3066,2004-07-01,0,GA
3067,2004-08-01,57,GA
3068,2004-09-01,0,GA
3069,2004-10-01,0,GA
3070,2004-11-01,100,GA
3071,2004-12-01,0,GA
3072,2005-01-01,0,GA
3073,2005-02-01,0,GA
3074,2005-03-01,0,GA
3075,2005-04-01,87,GA
3076,2005-05-01,58,GA
3077,2005-06-01,0,GA
3078,2005-07-01,0,GA
3079,2005-08-01,0,GA
3080,2005-09-01,0,GA
3081,2005-10-01,0,GA
3082,2005-11-01,0,GA
3083,2005-12-01,0,GA
3084,2006-01-01,0,GA
3085,2006-02-01,34,GA
3086,2006-03-01,0,GA
3087,2006-04-01,0,GA
3088,2006-05-01,0,GA
3089,2006-06-01,0,GA
3090,2006-07-01,43,GA
3091,2006-08-01,0,GA
3092,2006-09-01,0,GA
3093,2006-10-01,0,GA
3094,2006-11-01,0,GA
3095,2006-12-01,0,GA
3096,2007-01-01,13,GA
3097,2007-02-01,0,GA
3098,2007-03-01,12,GA
3099,2007-04-01,14,GA
3100,2007-05-01,15,GA
3101,2007-06-01,0,GA
3102,2007-07-01,33,GA
3103,2007-08-01,0,GA
3104,2007-09-01,0,GA
3105,2007-10-01,17,GA
3106,2007-11-01,16,GA
3107,2007-12-01,13,GA
3108,2008-01-01,16,GA
3109,2008-02-01,0,GA
3110,2008-03-01,0,GA
3111,2008-04-01,0,GA
3112,2008-05-01,0,GA
3113,2008-06-01,0,GA
3114,2008-07-01,0,GA
3115,2008-08-01,0,GA
3116,2008-09-01,0,GA
3117,2008-10-01,0,GA
3118,2008-11-01,8,GA
3119,2008-12-01,0,GA
3120,2009-01-01,15,GA
3121,2009-02-01,8,GA
3122,2009-03-01,0,GA
3123,2009-04-01,0,GA
3124,2009-05-01,0,GA
3125,2009-06-01,0,GA
3126,2009-07-01,0,GA
3127,2009-08-01,0,GA
3128,2009-09-01,0,GA
3129,2009-10-01,0,GA
3130,2009-11-01,0,GA
3131,2009-12-01,0,GA
3132,2010-01-01,0,GA
3133,2010-02-01,0,GA
3134,2010-03-01,0,GA
3135,2010-04-01,0,GA
3136,2010-05-01,0,GA
3137,2010-06-01,0,GA
3138,2010-07-01,0,GA
3139,2010-08-01,0,GA
3140,2010-09-01,7,GA
3141,2010-10-01,0,GA
3142,2010-11-01,0,GA
3143,2010-12-01,0,GA
3144,2011-01-01,7,GA
3145,2011-02-01,6,GA
3146,2011-03-01,0,GA
3147,2011-04-01,0,GA
3148,2011-05-01,0,GA
3149,2011-06-01,5,GA
3150,2011-07-01,3,GA
3151,2011-08-01,0,GA
3152,2011-09-01,0,GA
3153,2011-10-01,0,GA
3154,2011-11-01,0,GA
3155,2011-12-01,13,GA
3156,2012-01-01,0,GA
3157,2012-02-01,5,GA
3158,2012-03-01,0,GA
3159,2012-04-01,0,GA
3160,2012-05-01,0,GA
3161,2012-06-01,3,GA
3162,2012-07-01,3,GA
3163,2012-08-01,4,GA
3164,2012-09-01,5,GA
3165,2012-10-01,3,GA
3166,2012-11-01,5,GA
3167,2012-12-01,2,GA
3168,2013-01-01,0,GA
3169,2013-02-01,0,GA
3170,2013-03-01,3,GA
3171,2013-04-01,3,GA
3172,2013-05-01,0,GA
3173,2013-06-01,0,GA
3174,2013-07-01,4,GA
3175,2013-08-01,3,GA
3176,2013-09-01,3,GA
3177,2013-10-01,6,GA
3178,2013-11-01,0,GA
3179,2013-12-01,20,GA
3180,2014-01-01,5,GA
3181,2014-02-01,4,GA
3182,2014-03-01,0,GA
3183,2014-04-01,0,GA
3184,2014-05-01,5,GA
3185,2014-06-01,5,GA
3186,2014-07-01,0,GA
3187,2014-08-01,0,GA
3188,2014-09-01,0,GA
3189,2014-10-01,0,GA
3190,2014-11-01,7,GA
3191,2014-12-01,4,GA
3192,2015-01-01,0,GA
3193,2015-02-01,0,GA
3194,2015-03-01,0,GA
3195,2015-04-01,4,GA
3196,2015-05-01,0,GA
3197,2015-06-01,6,GA
3198,2015-07-01,7,GA
3199,2015-08-01,5,GA
3200,2015-09-01,3,GA
3201,2015-10-01,5,GA
3202,2015-11-01,0,GA
3203,2015-12-01,0,GA
3204,2016-01-01,0,GA
3205,2016-02-01,0,GA
3206,2016-03-01,6,GA
3207,2016-04-01,2,GA
3208,2016-05-01,0,GA
3209,2016-06-01,3,GA
3210,2016-07-01,6,GA
3211,2016-08-01,0,GA
3212,2016-09-01,0,GA
3213,2016-10-01,5,GA
3214,2016-11-01,7,GA
3215,2016-12-01,4,GA
3216,2017-01-01,7,GA
3217,2017-02-01,4,GA
3218,2017-03-01,3,GA
3219,2017-04-01,4,GA
3220,2017-05-01,3,GA
3221,2017-06-01,4,GA
3222,2017-07-01,0,GA
3223,2017-08-01,6,GA
3224,2017-09-01,0,GA
3225,2017-10-01,4,GA
3226,2017-11-01,0,GA
3227,2017-12-01,0,GA
3228,2018-01-01,0,GA
3229,2018-02-01,3,GA
3230,2018-03-01,4,GA
3231,2018-04-01,0,GA
3232,2018-05-01,3,GA
3233,2018-06-01,0,GA
3234,2018-07-01,3,GA
3235,2018-08-01,4,GA
3236,2018-09-01,2,GA
3237,2018-10-01,4,GA
3238,2018-11-01,2,GA
3239,2018-12-01,0,GA
3240,2019-01-01,4,GA
3241,2019-02-01,4,GA
3242,2019-03-01,6,GA
3243,2019-04-01,5,GA
3244,2019-05-01,0,GA
3245,2019-06-01,0,GA
3246,2019-07-01,6,GA
3247,2019-08-01,0,GA
3248,2019-09-01,2,GA
3249,2019-10-01,5,GA
3250,2019-11-01,4,GA
3251,2019-12-01,0,GA
3252,2020-01-01,0,GA
3253,2020-02-01,8,GA
3254,2020-03-01,0,GA
3255,2020-04-01,3,GA
3256,2020-05-01,2,GA
3257,2020-06-01,3,GA
3258,2020-07-01,0,GA
3259,2020-08-01,0,GA
3260,2020-09-01,3,GA
3261,2020-10-01,2,GA
3262,2020-11-01,0,GA
3263,2020-12-01,0,GA
3264,2004-01-01,0,WI
3265,2004-02-01,0,WI
3266,2004-03-01,100,WI
3267,2004-04-01,0,WI
3268,2004-05-01,0,WI
3269,2004-06-01,0,WI
3270,2004-07-01,0,WI
3271,2004-08-01,0,WI
3272,2004-09-01,0,WI
3273,2004-10-01,0,WI
3274,2004-11-01,38,WI
3275,2004-12-01,0,WI
3276,2005-01-01,0,WI
3277,2005-02-01,0,WI
3278,2005-03-01,0,WI
3279,2005-04-01,33,WI
3280,2005-05-01,38,WI
3281,2005-06-01,0,WI
3282,2005-07-01,0,WI
3283,2005-08-01,54,WI
3284,2005-09-01,25,WI
3285,2005-10-01,61,WI
3286,2005-11-01,0,WI
3287,2005-12-01,0,WI
3288,2006-01-01,0,WI
3289,2006-02-01,27,WI
3290,2006-03-01,0,WI
3291,2006-04-01,61,WI
3292,2006-05-01,0,WI
3293,2006-06-01,0,WI
3294,2006-07-01,0,WI
3295,2006-08-01,0,WI
3296,2006-09-01,30,WI
3297,2006-10-01,0,WI
3298,2006-11-01,0,WI
3299,2006-12-01,18,WI
3300,2007-01-01,20,WI
3301,2007-02-01,31,WI
3302,2007-03-01,0,WI
3303,2007-04-01,0,WI
3304,2007-05-01,0,WI
3305,2007-06-01,0,WI
3306,2007-07-01,0,WI
3307,2007-08-01,0,WI
3308,2007-09-01,0,WI
3309,2007-10-01,0,WI
3310,2007-11-01,0,WI
3311,2007-12-01,0,WI
3312,2008-01-01,0,WI
3313,2008-02-01,0,WI
3314,2008-03-01,20,WI
3315,2008-04-01,0,WI
3316,2008-05-01,0,WI
3317,2008-06-01,0,WI
3318,2008-07-01,0,WI
3319,2008-08-01,0,WI
3320,2008-09-01,0,WI
3321,2008-10-01,0,WI
3322,2008-11-01,0,WI
3323,2008-12-01,0,WI
3324,2009-01-01,0,WI
3325,2009-02-01,0,WI
3326,2009-03-01,0,WI
3327,2009-04-01,9,WI
3328,2009-05-01,24,WI
3329,2009-06-01,0,WI
3330,2009-07-01,15,WI
3331,2009-08-01,8,WI
3332,2009-09-01,0,WI
3333,2009-10-01,0,WI
3334,2009-11-01,0,WI
3335,2009-12-01,0,WI
3336,2010-01-01,18,WI
3337,2010-02-01,0,WI
3338,2010-03-01,0,WI
3339,2010-04-01,0,WI
3340,2010-05-01,0,WI
3341,2010-06-01,13,WI
3342,2010-07-01,9,WI
3343,2010-08-01,13,WI
3344,2010-09-01,0,WI
3345,2010-10-01,0,WI
3346,2010-11-01,0,WI
3347,2010-12-01,0,WI
3348,2011-01-01,5,WI
3349,2011-02-01,13,WI
3350,2011-03-01,0,WI
3351,2011-04-01,0,WI
3352,2011-05-01,5,WI
3353,2011-06-01,0,WI
3354,2011-07-01,5,WI
3355,2011-08-01,9,WI
3356,2011-09-01,0,WI
3357,2011-10-01,10,WI
3358,2011-11-01,0,WI
3359,2011-12-01,0,WI
3360,2012-01-01,0,WI
3361,2012-02-01,7,WI
3362,2012-03-01,0,WI
3363,2012-04-01,0,WI
3364,2012-05-01,5,WI
3365,2012-06-01,0,WI
3366,2012-07-01,0,WI
3367,2012-08-01,0,WI
3368,2012-09-01,0,WI
3369,2012-10-01,0,WI
3370,2012-11-01,5,WI
3371,2012-12-01,0,WI
3372,2013-01-01,0,WI
3373,2013-02-01,0,WI
3374,2013-03-01,0,WI
3375,2013-04-01,0,WI
3376,2013-05-01,0,WI
3377,2013-06-01,0,WI
3378,2013-07-01,0,WI
3379,2013-08-01,0,WI
3380,2013-09-01,0,WI
3381,2013-10-01,0,WI
3382,2013-11-01,0,WI
3383,2013-12-01,0,WI
3384,2014-01-01,3,WI
3385,2014-02-01,0,WI
3386,2014-03-01,2,WI
3387,2014-04-01,0,WI
3388,2014-05-01,0,WI
3389,2014-06-01,0,WI
3390,2014-07-01,0,WI
3391,2014-08-01,0,WI
3392,2014-09-01,0,WI
3393,2014-10-01,0,WI
3394,2014-11-01,0,WI
3395,2014-12-01,3,WI
3396,2015-01-01,0,WI
3397,2015-02-01,3,WI
3398,2015-03-01,0,WI
3399,2015-04-01,3,WI
3400,2015-05-01,0,WI
3401,2015-06-01,0,WI
3402,2015-07-01,0,WI
3403,2015-08-01,3,WI
3404,2015-09-01,0,WI
3405,2015-10-01,0,WI
3406,2015-11-01,3,WI
3407,2015-12-01,5,WI
3408,2016-01-01,0,WI
3409,2016-02-01,0,WI
3410,2016-03-01,0,WI
3411,2016-04-01,0,WI
3412,2016-05-01,0,WI
3413,2016-06-01,3,WI
3414,2016-07-01,5,WI
3415,2016-08-01,0,WI
3416,2016-09-01,0,WI
3417,2016-10-01,0,WI
3418,2016-11-01,7,WI
3419,2016-12-01,0,WI
3420,2017-01-01,5,WI
3421,2017-02-01,6,WI
3422,2017-03-01,2,WI
3423,2017-04-01,0,WI
3424,2017-05-01,0,WI
3425,2017-06-01,0,WI
3426,2017-07-01,4,WI
3427,2017-08-01,0,WI
3428,2017-09-01,0,WI
3429,2017-10-01,0,WI
3430,2017-11-01,0,WI
3431,2017-12-01,0,WI
3432,2018-01-01,0,WI
3433,2018-02-01,0,WI
3434,2018-03-01,0,WI
3435,2018-04-01,7,WI
3436,2018-05-01,5,WI
3437,2018-06-01,0,WI
3438,2018-07-01,3,WI
3439,2018-08-01,2,WI
3440,2018-09-01,0,WI
3441,2018-10-01,0,WI
3442,2018-11-01,2,WI
3443,2018-12-01,0,WI
3444,2019-01-01,0,WI
3445,2019-02-01,0,WI
3446,2019-03-01,2,WI
3447,2019-04-01,0,WI
3448,2019-05-01,3,WI
3449,2019-06-01,0,WI
3450,2019-07-01,4,WI
3451,2019-08-01,2,WI
3452,2019-09-01,0,WI
3453,2019-10-01,0,WI
3454,2019-11-01,0,WI
3455,2019-12-01,0,WI
3456,2020-01-01,2,WI
3457,2020-02-01,0,WI
3458,2020-03-01,0,WI
3459,2020-04-01,2,WI
3460,2020-05-01,3,WI
3461,2020-06-01,0,WI
3462,2020-07-01,0,WI
3463,2020-08-01,3,WI
3464,2020-09-01,1,WI
3465,2020-10-01,0,WI
3466,2020-11-01,0,WI
3467,2020-12-01,0,WI
3468,2004-01-01,0,NJ
3469,2004-02-01,0,NJ
3470,2004-03-01,0,NJ
3471,2004-04-01,0,NJ
3472,2004-05-01,0,NJ
3473,2004-06-01,0,NJ
3474,2004-07-01,100,NJ
3475,2004-08-01,0,NJ
3476,2004-09-01,0,NJ
3477,2004-10-01,0,NJ
3478,2004-11-01,0,NJ
3479,2004-12-01,0,NJ
3480,2005-01-01,0,NJ
3481,2005-02-01,0,NJ
3482,2005-03-01,0,NJ
3483,2005-04-01,0,NJ
3484,2005-05-01,0,NJ
3485,2005-06-01,0,NJ
3486,2005-07-01,61,NJ
3487,2005-08-01,0,NJ
3488,2005-09-01,26,NJ
3489,2005-10-01,0,NJ
3490,2005-11-01,0,NJ
3491,2005-12-01,23,NJ
3492,2006-01-01,0,NJ
3493,2006-02-01,0,NJ
3494,2006-03-01,0,NJ
3495,2006-04-01,28,NJ
3496,2006-05-01,0,NJ
3497,2006-06-01,0,NJ
3498,2006-07-01,66,NJ
3499,2006-08-01,0,NJ
3500,2006-09-01,69,NJ
3501,2006-10-01,0,NJ
3502,2006-11-01,0,NJ
3503,2006-12-01,23,NJ
3504,2007-01-01,0,NJ
3505,2007-02-01,0,NJ
3506,2007-03-01,0,NJ
3507,2007-04-01,0,NJ
3508,2007-05-01,0,NJ
3509,2007-06-01,13,NJ
3510,2007-07-01,0,NJ
3511,2007-08-01,0,NJ
3512,2007-09-01,0,NJ
3513,2007-10-01,0,NJ
3514,2007-11-01,11,NJ
3515,2007-12-01,0,NJ
3516,2008-01-01,16,NJ
3517,2008-02-01,18,NJ
3518,2008-03-01,0,NJ
3519,2008-04-01,19,NJ
3520,2008-05-01,22,NJ
3521,2008-06-01,0,NJ
3522,2008-07-01,15,NJ
3523,2008-08-01,0,NJ
3524,2008-09-01,19,NJ
3525,2008-10-01,0,NJ
3526,2008-11-01,0,NJ
3527,2008-12-01,13,NJ
3528,2009-01-01,8,NJ
3529,2009-02-01,0,NJ
3530,2009-03-01,14,NJ
3531,2009-04-01,13,NJ
3532,2009-05-01,0,NJ
3533,2009-06-01,0,NJ
3534,2009-07-01,11,NJ
3535,2009-08-01,13,NJ
3536,2009-09-01,0,NJ
3537,2009-10-01,0,NJ
3538,2009-11-01,0,NJ
3539,2009-12-01,0,NJ
3540,2010-01-01,0,NJ
3541,2010-02-01,0,NJ
3542,2010-03-01,9,NJ
3543,2010-04-01,0,NJ
3544,2010-05-01,0,NJ
3545,2010-06-01,0,NJ
3546,2010-07-01,15,NJ
3547,2010-08-01,8,NJ
3548,2010-09-01,6,NJ
3549,2010-10-01,0,NJ
3550,2010-11-01,0,NJ
3551,2010-12-01,0,NJ
3552,2011-01-01,5,NJ
3553,2011-02-01,10,NJ
3554,2011-03-01,8,NJ
3555,2011-04-01,8,NJ
3556,2011-05-01,0,NJ
3557,2011-06-01,5,NJ
3558,2011-07-01,0,NJ
3559,2011-08-01,15,NJ
3560,2011-09-01,0,NJ
3561,2011-10-01,0,NJ
3562,2011-11-01,9,NJ
3563,2011-12-01,9,NJ
3564,2012-01-01,5,NJ
3565,2012-02-01,12,NJ
3566,2012-03-01,4,NJ
3567,2012-04-01,8,NJ
3568,2012-05-01,0,NJ
3569,2012-06-01,0,NJ
3570,2012-07-01,13,NJ
3571,2012-08-01,10,NJ
3572,2012-09-01,0,NJ
3573,2012-10-01,0,NJ
3574,2012-11-01,0,NJ
3575,2012-12-01,4,NJ
3576,2013-01-01,9,NJ
3577,2013-02-01,17,NJ
3578,2013-03-01,0,NJ
3579,2013-04-01,12,NJ
3580,2013-05-01,5,NJ
3581,2013-06-01,0,NJ
3582,2013-07-01,12,NJ
3583,2013-08-01,0,NJ
3584,2013-09-01,0,NJ
3585,2013-10-01,6,NJ
3586,2013-11-01,3,NJ
3587,2013-12-01,0,NJ
3588,2014-01-01,22,NJ
3589,2014-02-01,7,NJ
3590,2014-03-01,4,NJ
3591,2014-04-01,6,NJ
3592,2014-05-01,0,NJ
3593,2014-06-01,15,NJ
3594,2014-07-01,4,NJ
3595,2014-08-01,4,NJ
3596,2014-09-01,0,NJ
3597,2014-10-01,11,NJ
3598,2014-11-01,6,NJ
3599,2014-12-01,7,NJ
3600,2015-01-01,4,NJ
3601,2015-02-01,5,NJ
3602,2015-03-01,11,NJ
3603,2015-04-01,0,NJ
3604,2015-05-01,3,NJ
3605,2015-06-01,0,NJ
3606,2015-07-01,4,NJ
3607,2015-08-01,5,NJ
3608,2015-09-01,6,NJ
3609,2015-10-01,8,NJ
3610,2015-11-01,5,NJ
3611,2015-12-01,4,NJ
3612,2016-01-01,5,NJ
3613,2016-02-01,5,NJ
3614,2016-03-01,4,NJ
3615,2016-04-01,6,NJ
3616,2016-05-01,6,NJ
3617,2016-06-01,6,NJ
3618,2016-07-01,0,NJ
3619,2016-08-01,5,NJ
3620,2016-09-01,7,NJ
3621,2016-10-01,0,NJ
3622,2016-11-01,4,NJ
3623,2016-12-01,7,NJ
3624,2017-01-01,7,NJ
3625,2017-02-01,6,NJ
3626,2017-03-01,3,NJ
3627,2017-04-01,0,NJ
3628,2017-05-01,5,NJ
3629,2017-06-01,15,NJ
3630,2017-07-01,4,NJ
3631,2017-08-01,0,NJ
3632,2017-09-01,4,NJ
3633,2017-10-01,17,NJ
3634,2017-11-01,9,NJ
3635,2017-12-01,7,NJ
3636,2018-01-01,8,NJ
3637,2018-02-01,6,NJ
3638,2018-03-01,6,NJ
3639,2018-04-01,5,NJ
3640,2018-05-01,8,NJ
3641,2018-06-01,6,NJ
3642,2018-07-01,15,NJ
3643,2018-08-01,6,NJ
3644,2018-09-01,5,NJ
3645,2018-10-01,3,NJ
3646,2018-11-01,7,NJ
3647,2018-12-01,7,NJ
3648,2019-01-01,6,NJ
3649,2019-02-01,7,NJ
3650,2019-03-01,5,NJ
3651,2019-04-01,7,NJ
3652,2019-05-01,13,NJ
3653,2019-06-01,6,NJ
3654,2019-07-01,9,NJ
3655,2019-08-01,11,NJ
3656,2019-09-01,0,NJ
3657,2019-10-01,6,NJ
3658,2019-11-01,9,NJ
3659,2019-12-01,7,NJ
3660,2020-01-01,8,NJ
3661,2020-02-01,4,NJ
3662,2020-03-01,2,NJ
3663,2020-04-01,9,NJ
3664,2020-05-01,8,NJ
3665,2020-06-01,13,NJ
3666,2020-07-01,5,NJ
3667,2020-08-01,8,NJ
3668,2020-09-01,4,NJ
3669,2020-10-01,0,NJ
3670,2020-11-01,0,NJ
3671,2020-12-01,4,NJ
3672,2004-01-01,0,MD
3673,2004-02-01,0,MD
3674,2004-03-01,0,MD
3675,2004-04-01,0,MD
3676,2004-05-01,0,MD
3677,2004-06-01,85,MD
3678,2004-07-01,0,MD
3679,2004-08-01,0,MD
3680,2004-09-01,0,MD
3681,2004-10-01,0,MD
3682,2004-11-01,100,MD
3683,2004-12-01,0,MD
3684,2005-01-01,0,MD
3685,2005-02-01,0,MD
3686,2005-03-01,0,MD
3687,2005-04-01,0,MD
3688,2005-05-01,41,MD
3689,2005-06-01,55,MD
3690,2005-07-01,0,MD
3691,2005-08-01,0,MD
3692,2005-09-01,0,MD
3693,2005-10-01,0,MD
3694,2005-11-01,0,MD
3695,2005-12-01,0,MD
3696,2006-01-01,62,MD
3697,2006-02-01,34,MD
3698,2006-03-01,0,MD
3699,2006-04-01,64,MD
3700,2006-05-01,0,MD
3701,2006-06-01,0,MD
3702,2006-07-01,43,MD
3703,2006-08-01,0,MD
3704,2006-09-01,0,MD
3705,2006-10-01,0,MD
3706,2006-11-01,27,MD
3707,2006-12-01,0,MD
3708,2007-01-01,0,MD
3709,2007-02-01,0,MD
3710,2007-03-01,0,MD
3711,2007-04-01,0,MD
3712,2007-05-01,0,MD
3713,2007-06-01,0,MD
3714,2007-07-01,18,MD
3715,2007-08-01,0,MD
3716,2007-09-01,0,MD
3717,2007-10-01,28,MD
3718,2007-11-01,0,MD
3719,2007-12-01,0,MD
3720,2008-01-01,0,MD
3721,2008-02-01,0,MD
3722,2008-03-01,14,MD
3723,2008-04-01,0,MD
3724,2008-05-01,21,MD
3725,2008-06-01,0,MD
3726,2008-07-01,0,MD
3727,2008-08-01,0,MD
3728,2008-09-01,0,MD
3729,2008-10-01,0,MD
3730,2008-11-01,16,MD
3731,2008-12-01,0,MD
3732,2009-01-01,0,MD
3733,2009-02-01,0,MD
3734,2009-03-01,0,MD
3735,2009-04-01,0,MD
3736,2009-05-01,48,MD
3737,2009-06-01,0,MD
3738,2009-07-01,0,MD
3739,2009-08-01,30,MD
3740,2009-09-01,0,MD
3741,2009-10-01,22,MD
3742,2009-11-01,0,MD
3743,2009-12-01,0,MD
3744,2010-01-01,27,MD
3745,2010-02-01,0,MD
3746,2010-03-01,11,MD
3747,2010-04-01,26,MD
3748,2010-05-01,0,MD
3749,2010-06-01,0,MD
3750,2010-07-01,20,MD
3751,2010-08-01,0,MD
3752,2010-09-01,14,MD
3753,2010-10-01,0,MD
3754,2010-11-01,0,MD
3755,2010-12-01,15,MD
3756,2011-01-01,8,MD
3757,2011-02-01,0,MD
3758,2011-03-01,19,MD
3759,2011-04-01,0,MD
3760,2011-05-01,6,MD
3761,2011-06-01,0,MD
3762,2011-07-01,0,MD
3763,2011-08-01,11,MD
3764,2011-09-01,0,MD
3765,2011-10-01,0,MD
3766,2011-11-01,0,MD
3767,2011-12-01,0,MD
3768,2012-01-01,5,MD
3769,2012-02-01,0,MD
3770,2012-03-01,11,MD
3771,2012-04-01,7,MD
3772,2012-05-01,15,MD
3773,2012-06-01,6,MD
3774,2012-07-01,13,MD
3775,2012-08-01,7,MD
3776,2012-09-01,18,MD
3777,2012-10-01,0,MD
3778,2012-11-01,9,MD
3779,2012-12-01,8,MD
3780,2013-01-01,11,MD
3781,2013-02-01,8,MD
3782,2013-03-01,0,MD
3783,2013-04-01,0,MD
3784,2013-05-01,0,MD
3785,2013-06-01,4,MD
3786,2013-07-01,0,MD
3787,2013-08-01,0,MD
3788,2013-09-01,0,MD
3789,2013-10-01,0,MD
3790,2013-11-01,8,MD
3791,2013-12-01,10,MD
3792,2014-01-01,12,MD
3793,2014-02-01,0,MD
3794,2014-03-01,0,MD
3795,2014-04-01,0,MD
3796,2014-05-01,11,MD
3797,2014-06-01,12,MD
3798,2014-07-01,0,MD
3799,2014-08-01,0,MD
3800,2014-09-01,8,MD
3801,2014-10-01,4,MD
3802,2014-11-01,5,MD
3803,2014-12-01,16,MD
3804,2015-01-01,27,MD
3805,2015-02-01,0,MD
3806,2015-03-01,7,MD
3807,2015-04-01,0,MD
3808,2015-05-01,9,MD
3809,2015-06-01,11,MD
3810,2015-07-01,0,MD
3811,2015-08-01,6,MD
3812,2015-09-01,0,MD
3813,2015-10-01,5,MD
3814,2015-11-01,4,MD
3815,2015-12-01,0,MD
3816,2016-01-01,5,MD
3817,2016-02-01,0,MD
3818,2016-03-01,0,MD
3819,2016-04-01,5,MD
3820,2016-05-01,4,MD
3821,2016-06-01,5,MD
3822,2016-07-01,6,MD
3823,2016-08-01,8,MD
3824,2016-09-01,4,MD
3825,2016-10-01,5,MD
3826,2016-11-01,6,MD
3827,2016-12-01,3,MD
3828,2017-01-01,12,MD
3829,2017-02-01,0,MD
3830,2017-03-01,4,MD
3831,2017-04-01,6,MD
3832,2017-05-01,8,MD
3833,2017-06-01,0,MD
3834,2017-07-01,8,MD
3835,2017-08-01,5,MD
3836,2017-09-01,7,MD
3837,2017-10-01,0,MD
3838,2017-11-01,26,MD
3839,2017-12-01,0,MD
3840,2018-01-01,7,MD
3841,2018-02-01,5,MD
3842,2018-03-01,6,MD
3843,2018-04-01,5,MD
3844,2018-05-01,4,MD
3845,2018-06-01,12,MD
3846,2018-07-01,8,MD
3847,2018-08-01,7,MD
3848,2018-09-01,22,MD
3849,2018-10-01,3,MD
3850,2018-11-01,8,MD
3851,2018-12-01,19,MD
3852,2019-01-01,0,MD
3853,2019-02-01,4,MD
3854,2019-03-01,3,MD
3855,2019-04-01,10,MD
3856,2019-05-01,0,MD
3857,2019-06-01,10,MD
3858,2019-07-01,0,MD
3859,2019-08-01,5,MD
3860,2019-09-01,3,MD
3861,2019-10-01,0,MD
3862,2019-11-01,11,MD
3863,2019-12-01,3,MD
3864,2020-01-01,6,MD
3865,2020-02-01,0,MD
3866,2020-03-01,4,MD
3867,2020-04-01,4,MD
3868,2020-05-01,0,MD
3869,2020-06-01,5,MD
3870,2020-07-01,11,MD
3871,2020-08-01,7,MD
3872,2020-09-01,5,MD
3873,2020-10-01,5,MD
3874,2020-11-01,5,MD
3875,2020-12-01,5,MD
3876,2004-01-01,0,CO
3877,2004-02-01,0,CO
3878,2004-03-01,0,CO
3879,2004-04-01,0,CO
3880,2004-05-01,0,CO
3881,2004-06-01,0,CO
3882,2004-07-01,0,CO
3883,2004-08-01,0,CO
3884,2004-09-01,100,CO
3885,2004-10-01,0,CO
3886,2004-11-01,0,CO
3887,2004-12-01,0,CO
3888,2005-01-01,0,CO
3889,2005-02-01,0,CO
3890,2005-03-01,0,CO
3891,2005-04-01,0,CO
3892,2005-05-01,0,CO
3893,2005-06-01,0,CO
3894,2005-07-01,0,CO
3895,2005-08-01,0,CO
3896,2005-09-01,0,CO
3897,2005-10-01,0,CO
3898,2005-11-01,0,CO
3899,2005-12-01,0,CO
3900,2006-01-01,33,CO
3901,2006-02-01,0,CO
3902,2006-03-01,0,CO
3903,2006-04-01,0,CO
3904,2006-05-01,0,CO
3905,2006-06-01,0,CO
3906,2006-07-01,0,CO
3907,2006-08-01,0,CO
3908,2006-09-01,18,CO
3909,2006-10-01,0,CO
3910,2006-11-01,0,CO
3911,2006-12-01,0,CO
3912,2007-01-01,0,CO
3913,2007-02-01,0,CO
3914,2007-03-01,0,CO
3915,2007-04-01,50,CO
3916,2007-05-01,10,CO
3917,2007-06-01,13,CO
3918,2007-07-01,0,CO
3919,2007-08-01,0,CO
3920,2007-09-01,0,CO
3921,2007-10-01,7,CO
3922,2007-11-01,0,CO
3923,2007-12-01,0,CO
3924,2008-01-01,0,CO
3925,2008-02-01,0,CO
3926,2008-03-01,0,CO
3927,2008-04-01,8,CO
3928,2008-05-01,12,CO
3929,2008-06-01,0,CO
3930,2008-07-01,0,CO
3931,2008-08-01,0,CO
3932,2008-09-01,0,CO
3933,2008-10-01,0,CO
3934,2008-11-01,6,CO
3935,2008-12-01,0,CO
3936,2009-01-01,0,CO
3937,2009-02-01,0,CO
3938,2009-03-01,10,CO
3939,2009-04-01,0,CO
3940,2009-05-01,0,CO
3941,2009-06-01,0,CO
3942,2009-07-01,10,CO
3943,2009-08-01,14,CO
3944,2009-09-01,0,CO
3945,2009-10-01,0,CO
3946,2009-11-01,0,CO
3947,2009-12-01,8,CO
3948,2010-01-01,0,CO
3949,2010-02-01,10,CO
3950,2010-03-01,0,CO
3951,2010-04-01,0,CO
3952,2010-05-01,0,CO
3953,2010-06-01,0,CO
3954,2010-07-01,6,CO
3955,2010-08-01,0,CO
3956,2010-09-01,0,CO
3957,2010-10-01,0,CO
3958,2010-11-01,0,CO
3959,2010-12-01,9,CO
3960,2011-01-01,0,CO
3961,2011-02-01,0,CO
3962,2011-03-01,0,CO
3963,2011-04-01,0,CO
3964,2011-05-01,5,CO
3965,2011-06-01,0,CO
3966,2011-07-01,0,CO
3967,2011-08-01,0,CO
3968,2011-09-01,0,CO
3969,2011-10-01,3,CO
3970,2011-11-01,0,CO
3971,2011-12-01,5,CO
3972,2012-01-01,0,CO
3973,2012-02-01,0,CO
3974,2012-03-01,3,CO
3975,2012-04-01,0,CO
3976,2012-05-01,0,CO
3977,2012-06-01,0,CO
3978,2012-07-01,0,CO
3979,2012-08-01,0,CO
3980,2012-09-01,0,CO
3981,2012-10-01,3,CO
3982,2012-11-01,2,CO
3983,2012-12-01,0,CO
3984,2013-01-01,5,CO
3985,2013-02-01,0,CO
3986,2013-03-01,0,CO
3987,2013-04-01,0,CO
3988,2013-05-01,0,CO
3989,2013-06-01,0,CO
3990,2013-07-01,0,CO
3991,2013-08-01,0,CO
3992,2013-09-01,0,CO
3993,2013-10-01,0,CO
3994,2013-11-01,0,CO
3995,2013-12-01,3,CO
3996,2014-01-01,0,CO
3997,2014-02-01,0,CO
3998,2014-03-01,4,CO
3999,2014-04-01,0,CO
4000,2014-05-01,0,CO
4001,2014-06-01,0,CO
4002,2014-07-01,0,CO
4003,2014-08-01,0,CO
4004,2014-09-01,3,CO
4005,2014-10-01,0,CO
4006,2014-11-01,0,CO
4007,2014-12-01,4,CO
4008,2015-01-01,0,CO
4009,2015-02-01,0,CO
4010,2015-03-01,0,CO
4011,2015-04-01,4,CO
4012,2015-05-01,4,CO
4013,2015-06-01,0,CO
4014,2015-07-01,5,CO
4015,2015-08-01,8,CO
4016,2015-09-01,0,CO
4017,2015-10-01,2,CO
4018,2015-11-01,3,CO
4019,2015-12-01,0,CO
4020,2016-01-01,0,CO
4021,2016-02-01,0,CO
4022,2016-03-01,2,CO
4023,2016-04-01,3,CO
4024,2016-05-01,0,CO
4025,2016-06-01,6,CO
4026,2016-07-01,0,CO
4027,2016-08-01,0,CO
4028,2016-09-01,0,CO
4029,2016-10-01,0,CO
4030,2016-11-01,0,CO
4031,2016-12-01,0,CO
4032,2017-01-01,5,CO
4033,2017-02-01,0,CO
4034,2017-03-01,2,CO
4035,2017-04-01,0,CO
4036,2017-05-01,0,CO
4037,2017-06-01,2,CO
4038,2017-07-01,0,CO
4039,2017-08-01,0,CO
4040,2017-09-01,0,CO
4041,2017-10-01,0,CO
4042,2017-11-01,4,CO
4043,2017-12-01,6,CO
4044,2018-01-01,4,CO
4045,2018-02-01,0,CO
4046,2018-03-01,0,CO
4047,2018-04-01,0,CO
4048,2018-05-01,0,CO
4049,2018-06-01,0,CO
4050,2018-07-01,0,CO
4051,2018-08-01,0,CO
4052,2018-09-01,4,CO
4053,2018-10-01,2,CO
4054,2018-11-01,0,CO
4055,2018-12-01,0,CO
4056,2019-01-01,2,CO
4057,2019-02-01,0,CO
4058,2019-03-01,1,CO
4059,2019-04-01,1,CO
4060,2019-05-01,0,CO
4061,2019-06-01,0,CO
4062,2019-07-01,0,CO
4063,2019-08-01,5,CO
4064,2019-09-01,0,CO
4065,2019-10-01,2,CO
4066,2019-11-01,2,CO
4067,2019-12-01,0,CO
4068,2020-01-01,0,CO
4069,2020-02-01,5,CO
4070,2020-03-01,0,CO
4071,2020-04-01,2,CO
4072,2020-05-01,0,CO
4073,2020-06-01,0,CO
4074,2020-07-01,0,CO
4075,2020-08-01,0,CO
4076,2020-09-01,0,CO
4077,2020-10-01,3,CO
4078,2020-11-01,0,CO
4079,2020-12-01,0,CO
4080,2004-01-01,0,MA
4081,2004-02-01,90,MA
4082,2004-03-01,0,MA
4083,2004-04-01,0,MA
4084,2004-05-01,0,MA
4085,2004-06-01,0,MA
4086,2004-07-01,0,MA
4087,2004-08-01,0,MA
4088,2004-09-01,0,MA
4089,2004-10-01,0,MA
4090,2004-11-01,0,MA
4091,2004-12-01,100,MA
4092,2005-01-01,32,MA
4093,2005-02-01,0,MA
4094,2005-03-01,0,MA
4095,2005-04-01,0,MA
4096,2005-05-01,32,MA
4097,2005-06-01,49,MA
4098,2005-07-01,0,MA
4099,2005-08-01,79,MA
4100,2005-09-01,0,MA
4101,2005-10-01,28,MA
4102,2005-11-01,0,MA
4103,2005-12-01,29,MA
4104,2006-01-01,0,MA
4105,2006-02-01,0,MA
4106,2006-03-01,17,MA
4107,2006-04-01,0,MA
4108,2006-05-01,0,MA
4109,2006-06-01,0,MA
4110,2006-07-01,0,MA
4111,2006-08-01,0,MA
4112,2006-09-01,0,MA
4113,2006-10-01,20,MA
4114,2006-11-01,0,MA
4115,2006-12-01,0,MA
4116,2007-01-01,0,MA
4117,2007-02-01,0,MA
4118,2007-03-01,0,MA
4119,2007-04-01,18,MA
4120,2007-05-01,12,MA
4121,2007-06-01,0,MA
4122,2007-07-01,0,MA
4123,2007-08-01,0,MA
4124,2007-09-01,0,MA
4125,2007-10-01,12,MA
4126,2007-11-01,31,MA
4127,2007-12-01,12,MA
4128,2008-01-01,13,MA
4129,2008-02-01,0,MA
4130,2008-03-01,0,MA
4131,2008-04-01,0,MA
4132,2008-05-01,13,MA
4133,2008-06-01,0,MA
4134,2008-07-01,23,MA
4135,2008-08-01,0,MA
4136,2008-09-01,0,MA
4137,2008-10-01,0,MA
4138,2008-11-01,0,MA
4139,2008-12-01,0,MA
4140,2009-01-01,0,MA
4141,2009-02-01,0,MA
4142,2009-03-01,0,MA
4143,2009-04-01,0,MA
4144,2009-05-01,0,MA
4145,2009-06-01,22,MA
4146,2009-07-01,0,MA
4147,2009-08-01,0,MA
4148,2009-09-01,0,MA
4149,2009-10-01,0,MA
4150,2009-11-01,7,MA
4151,2009-12-01,0,MA
4152,2010-01-01,0,MA
4153,2010-02-01,10,MA
4154,2010-03-01,0,MA
4155,2010-04-01,9,MA
4156,2010-05-01,12,MA
4157,2010-06-01,0,MA
4158,2010-07-01,0,MA
4159,2010-08-01,7,MA
4160,2010-09-01,0,MA
4161,2010-10-01,0,MA
4162,2010-11-01,0,MA
4163,2010-12-01,11,MA
4164,2011-01-01,6,MA
4165,2011-02-01,0,MA
4166,2011-03-01,11,MA
4167,2011-04-01,6,MA
4168,2011-05-01,0,MA
4169,2011-06-01,13,MA
4170,2011-07-01,7,MA
4171,2011-08-01,9,MA
4172,2011-09-01,14,MA
4173,2011-10-01,6,MA
4174,2011-11-01,6,MA
4175,2011-12-01,0,MA
4176,2012-01-01,3,MA
4177,2012-02-01,0,MA
4178,2012-03-01,8,MA
4179,2012-04-01,3,MA
4180,2012-05-01,0,MA
4181,2012-06-01,0,MA
4182,2012-07-01,0,MA
4183,2012-08-01,7,MA
4184,2012-09-01,7,MA
4185,2012-10-01,0,MA
4186,2012-11-01,0,MA
4187,2012-12-01,0,MA
4188,2013-01-01,0,MA
4189,2013-02-01,4,MA
4190,2013-03-01,0,MA
4191,2013-04-01,6,MA
4192,2013-05-01,3,MA
4193,2013-06-01,8,MA
4194,2013-07-01,3,MA
4195,2013-08-01,9,MA
4196,2013-09-01,11,MA
4197,2013-10-01,0,MA
4198,2013-11-01,4,MA
4199,2013-12-01,8,MA
4200,2014-01-01,0,MA
4201,2014-02-01,0,MA
4202,2014-03-01,0,MA
4203,2014-04-01,17,MA
4204,2014-05-01,7,MA
4205,2014-06-01,8,MA
4206,2014-07-01,0,MA
4207,2014-08-01,0,MA
4208,2014-09-01,0,MA
4209,2014-10-01,7,MA
4210,2014-11-01,3,MA
4211,2014-12-01,0,MA
4212,2015-01-01,0,MA
4213,2015-02-01,0,MA
4214,2015-03-01,10,MA
4215,2015-04-01,7,MA
4216,2015-05-01,0,MA
4217,2015-06-01,11,MA
4218,2015-07-01,5,MA
4219,2015-08-01,11,MA
4220,2015-09-01,12,MA
4221,2015-10-01,4,MA
4222,2015-11-01,0,MA
4223,2015-12-01,6,MA
4224,2016-01-01,5,MA
4225,2016-02-01,5,MA
4226,2016-03-01,5,MA
4227,2016-04-01,6,MA
4228,2016-05-01,11,MA
4229,2016-06-01,6,MA
4230,2016-07-01,6,MA
4231,2016-08-01,0,MA
4232,2016-09-01,0,MA
4233,2016-10-01,0,MA
4234,2016-11-01,6,MA
4235,2016-12-01,4,MA
4236,2017-01-01,0,MA
4237,2017-02-01,10,MA
4238,2017-03-01,0,MA
4239,2017-04-01,7,MA
4240,2017-05-01,0,MA
4241,2017-06-01,6,MA
4242,2017-07-01,6,MA
4243,2017-08-01,6,MA
4244,2017-09-01,2,MA
4245,2017-10-01,5,MA
4246,2017-11-01,0,MA
4247,2017-12-01,4,MA
4248,2018-01-01,4,MA
4249,2018-02-01,5,MA
4250,2018-03-01,4,MA
4251,2018-04-01,9,MA
4252,2018-05-01,9,MA
4253,2018-06-01,7,MA
4254,2018-07-01,3,MA
4255,2018-08-01,12,MA
4256,2018-09-01,0,MA
4257,2018-10-01,4,MA
4258,2018-11-01,3,MA
4259,2018-12-01,5,MA
4260,2019-01-01,3,MA
4261,2019-02-01,9,MA
4262,2019-03-01,11,MA
4263,2019-04-01,5,MA
4264,2019-05-01,4,MA
4265,2019-06-01,6,MA
4266,2019-07-01,7,MA
4267,2019-08-01,0,MA
4268,2019-09-01,4,MA
4269,2019-10-01,3,MA
4270,2019-11-01,4,MA
4271,2019-12-01,0,MA
4272,2020-01-01,9,MA
4273,2020-02-01,8,MA
4274,2020-03-01,4,MA
4275,2020-04-01,0,MA
4276,2020-05-01,4,MA
4277,2020-06-01,6,MA
4278,2020-07-01,3,MA
4279,2020-08-01,3,MA
4280,2020-09-01,8,MA
4281,2020-10-01,4,MA
4282,2020-11-01,0,MA
4283,2020-12-01,0,MA
4284,2004-01-01,68,OH
4285,2004-02-01,0,OH
4286,2004-03-01,0,OH
4287,2004-04-01,100,OH
4288,2004-05-01,0,OH
4289,2004-06-01,0,OH
4290,2004-07-01,0,OH
4291,2004-08-01,0,OH
4292,2004-09-01,89,OH
4293,2004-10-01,0,OH
4294,2004-11-01,0,OH
4295,2004-12-01,0,OH
4296,2005-01-01,0,OH
4297,2005-02-01,0,OH
4298,2005-03-01,20,OH
4299,2005-04-01,0,OH
4300,2005-05-01,56,OH
4301,2005-06-01,0,OH
4302,2005-07-01,0,OH
4303,2005-08-01,0,OH
4304,2005-09-01,0,OH
4305,2005-10-01,0,OH
4306,2005-11-01,0,OH
4307,2005-12-01,25,OH
4308,2006-01-01,13,OH
4309,2006-02-01,22,OH
4310,2006-03-01,0,OH
4311,2006-04-01,0,OH
4312,2006-05-01,0,OH
4313,2006-06-01,0,OH
4314,2006-07-01,0,OH
4315,2006-08-01,0,OH
4316,2006-09-01,0,OH
4317,2006-10-01,0,OH
4318,2006-11-01,23,OH
4319,2006-12-01,0,OH
4320,2007-01-01,0,OH
4321,2007-02-01,0,OH
4322,2007-03-01,14,OH
4323,2007-04-01,0,OH
4324,2007-05-01,0,OH
4325,2007-06-01,0,OH
4326,2007-07-01,0,OH
4327,2007-08-01,0,OH
4328,2007-09-01,0,OH
4329,2007-10-01,0,OH
4330,2007-11-01,0,OH
4331,2007-12-01,0,OH
4332,2008-01-01,0,OH
4333,2008-02-01,0,OH
4334,2008-03-01,0,OH
4335,2008-04-01,0,OH
4336,2008-05-01,9,OH
4337,2008-06-01,8,OH
4338,2008-07-01,12,OH
4339,2008-08-01,0,OH
4340,2008-09-01,0,OH
4341,2008-10-01,0,OH
4342,2008-11-01,26,OH
4343,2008-12-01,0,OH
4344,2009-01-01,0,OH
4345,2009-02-01,0,OH
4346,2009-03-01,0,OH
4347,2009-04-01,0,OH
4348,2009-05-01,0,OH
4349,2009-06-01,17,OH
4350,2009-07-01,20,OH
4351,2009-08-01,0,OH
4352,2009-09-01,0,OH
4353,2009-10-01,0,OH
4354,2009-11-01,0,OH
4355,2009-12-01,35,OH
4356,2010-01-01,7,OH
4357,2010-02-01,0,OH
4358,2010-03-01,5,OH
4359,2010-04-01,0,OH
4360,2010-05-01,0,OH
4361,2010-06-01,0,OH
4362,2010-07-01,0,OH
4363,2010-08-01,11,OH
4364,2010-09-01,6,OH
4365,2010-10-01,6,OH
4366,2010-11-01,4,OH
4367,2010-12-01,0,OH
4368,2011-01-01,10,OH
4369,2011-02-01,0,OH
4370,2011-03-01,0,OH
4371,2011-04-01,0,OH
4372,2011-05-01,0,OH
4373,2011-06-01,0,OH
4374,2011-07-01,7,OH
4375,2011-08-01,8,OH
4376,2011-09-01,0,OH
4377,2011-10-01,0,OH
4378,2011-11-01,0,OH
4379,2011-12-01,0,OH
4380,2012-01-01,4,OH
4381,2012-02-01,4,OH
4382,2012-03-01,4,OH
4383,2012-04-01,3,OH
4384,2012-05-01,0,OH
4385,2012-06-01,0,OH
4386,2012-07-01,6,OH
4387,2012-08-01,6,OH
4388,2012-09-01,2,OH
4389,2012-10-01,3,OH
4390,2012-11-01,0,OH
4391,2012-12-01,2,OH
4392,2013-01-01,0,OH
4393,2013-02-01,0,OH
4394,2013-03-01,2,OH
4395,2013-04-01,0,OH
4396,2013-05-01,4,OH
4397,2013-06-01,0,OH
4398,2013-07-01,3,OH
4399,2013-08-01,5,OH
4400,2013-09-01,0,OH
4401,2013-10-01,0,OH
4402,2013-11-01,0,OH
4403,2013-12-01,0,OH
4404,2014-01-01,0,OH
4405,2014-02-01,0,OH
4406,2014-03-01,0,OH
4407,2014-04-01,4,OH
4408,2014-05-01,2,OH
4409,2014-06-01,4,OH
4410,2014-07-01,7,OH
4411,2014-08-01,0,OH
4412,2014-09-01,0,OH
4413,2014-10-01,5,OH
4414,2014-11-01,0,OH
4415,2014-12-01,0,OH
4416,2015-01-01,0,OH
4417,2015-02-01,2,OH
4418,2015-03-01,5,OH
4419,2015-04-01,0,OH
4420,2015-05-01,2,OH
4421,2015-06-01,7,OH
4422,2015-07-01,5,OH
4423,2015-08-01,3,OH
4424,2015-09-01,0,OH
4425,2015-10-01,0,OH
4426,2015-11-01,2,OH
4427,2015-12-01,0,OH
4428,2016-01-01,1,OH
4429,2016-02-01,0,OH
4430,2016-03-01,2,OH
4431,2016-04-01,0,OH
4432,2016-05-01,4,OH
4433,2016-06-01,7,OH
4434,2016-07-01,4,OH
4435,2016-08-01,3,OH
4436,2016-09-01,5,OH
4437,2016-10-01,2,OH
4438,2016-11-01,0,OH
4439,2016-12-01,0,OH
4440,2017-01-01,3,OH
4441,2017-02-01,3,OH
4442,2017-03-01,2,OH
4443,2017-04-01,3,OH
4444,2017-05-01,4,OH
4445,2017-06-01,4,OH
4446,2017-07-01,4,OH
4447,2017-08-01,5,OH
4448,2017-09-01,0,OH
4449,2017-10-01,0,OH
4450,2017-11-01,2,OH
4451,2017-12-01,1,OH
4452,2018-01-01,2,OH
4453,2018-02-01,2,OH
4454,2018-03-01,0,OH
4455,2018-04-01,1,OH
4456,2018-05-01,1,OH
4457,2018-06-01,0,OH
4458,2018-07-01,3,OH
4459,2018-08-01,0,OH
4460,2018-09-01,2,OH
4461,2018-10-01,0,OH
4462,2018-11-01,2,OH
4463,2018-12-01,2,OH
4464,2019-01-01,3,OH
4465,2019-02-01,1,OH
4466,2019-03-01,1,OH
4467,2019-04-01,5,OH
4468,2019-05-01,0,OH
4469,2019-06-01,4,OH
4470,2019-07-01,5,OH
4471,2019-08-01,0,OH
4472,2019-09-01,1,OH
4473,2019-10-01,0,OH
4474,2019-11-01,0,OH
4475,2019-12-01,0,OH
4476,2020-01-01,2,OH
4477,2020-02-01,2,OH
4478,2020-03-01,2,OH
4479,2020-04-01,0,OH
4480,2020-05-01,1,OH
4481,2020-06-01,1,OH
4482,2020-07-01,1,OH
4483,2020-08-01,1,OH
4484,2020-09-01,2,OH
4485,2020-10-01,0,OH
4486,2020-11-01,1,OH
4487,2020-12-01,3,OH
4488,2004-01-01,55,NY
4489,2004-02-01,0,NY
4490,2004-03-01,0,NY
4491,2004-04-01,0,NY
4492,2004-05-01,0,NY
4493,2004-06-01,39,NY
4494,2004-07-01,0,NY
4495,2004-08-01,0,NY
4496,2004-09-01,27,NY
4497,2004-10-01,0,NY
4498,2004-11-01,0,NY
4499,2004-12-01,0,NY
4500,2005-01-01,35,NY
4501,2005-02-01,0,NY
4502,2005-03-01,0,NY
4503,2005-04-01,0,NY
4504,2005-05-01,23,NY
4505,2005-06-01,65,NY
4506,2005-07-01,0,NY
4507,2005-08-01,0,NY
4508,2005-09-01,25,NY
4509,2005-10-01,0,NY
4510,2005-11-01,54,NY
4511,2005-12-01,0,NY
4512,2006-01-01,0,NY
4513,2006-02-01,0,NY
4514,2006-03-01,0,NY
4515,2006-04-01,20,NY
4516,2006-05-01,23,NY
4517,2006-06-01,0,NY
4518,2006-07-01,0,NY
4519,2006-08-01,100,NY
4520,2006-09-01,0,NY
4521,2006-10-01,12,NY
4522,2006-11-01,58,NY
4523,2006-12-01,21,NY
4524,2007-01-01,0,NY
4525,2007-02-01,34,NY
4526,2007-03-01,27,NY
4527,2007-04-01,0,NY
4528,2007-05-01,15,NY
4529,2007-06-01,14,NY
4530,2007-07-01,13,NY
4531,2007-08-01,13,NY
4532,2007-09-01,33,NY
4533,2007-10-01,0,NY
4534,2007-11-01,0,NY
4535,2007-12-01,0,NY
4536,2008-01-01,10,NY
4537,2008-02-01,42,NY
4538,2008-03-01,15,NY
4539,2008-04-01,14,NY
4540,2008-05-01,0,NY
4541,2008-06-01,14,NY
4542,2008-07-01,19,NY
4543,2008-08-01,9,NY
4544,2008-09-01,14,NY
4545,2008-10-01,0,NY
4546,2008-11-01,0,NY
4547,2008-12-01,0,NY
4548,2009-01-01,19,NY
4549,2009-02-01,0,NY
4550,2009-03-01,0,NY
4551,2009-04-01,6,NY
4552,2009-05-01,15,NY
4553,2009-06-01,0,NY
4554,2009-07-01,16,NY
4555,2009-08-01,0,NY
4556,2009-09-01,20,NY
4557,2009-10-01,15,NY
4558,2009-11-01,14,NY
4559,2009-12-01,0,NY
4560,2010-01-01,18,NY
4561,2010-02-01,11,NY
4562,2010-03-01,6,NY
4563,2010-04-01,6,NY
4564,2010-05-01,0,NY
4565,2010-06-01,24,NY
4566,2010-07-01,14,NY
4567,2010-08-01,16,NY
4568,2010-09-01,0,NY
4569,2010-10-01,9,NY
4570,2010-11-01,5,NY
4571,2010-12-01,16,NY
4572,2011-01-01,8,NY
4573,2011-02-01,7,NY
4574,2011-03-01,13,NY
4575,2011-04-01,6,NY
4576,2011-05-01,20,NY
4577,2011-06-01,7,NY
4578,2011-07-01,14,NY
4579,2011-08-01,14,NY
4580,2011-09-01,7,NY
4581,2011-10-01,12,NY
4582,2011-11-01,5,NY
4583,2011-12-01,7,NY
4584,2012-01-01,9,NY
4585,2012-02-01,15,NY
4586,2012-03-01,13,NY
4587,2012-04-01,11,NY
4588,2012-05-01,0,NY
4589,2012-06-01,13,NY
4590,2012-07-01,15,NY
4591,2012-08-01,15,NY
4592,2012-09-01,13,NY
4593,2012-10-01,8,NY
4594,2012-11-01,10,NY
4595,2012-12-01,7,NY
4596,2013-01-01,6,NY
4597,2013-02-01,10,NY
4598,2013-03-01,12,NY
4599,2013-04-01,14,NY
4600,2013-05-01,11,NY
4601,2013-06-01,6,NY
4602,2013-07-01,8,NY
4603,2013-08-01,12,NY
4604,2013-09-01,10,NY
4605,2013-10-01,11,NY
4606,2013-11-01,7,NY
4607,2013-12-01,17,NY
4608,2014-01-01,4,NY
4609,2014-02-01,10,NY
4610,2014-03-01,8,NY
4611,2014-04-01,10,NY
4612,2014-05-01,15,NY
4613,2014-06-01,16,NY
4614,2014-07-01,11,NY
4615,2014-08-01,16,NY
4616,2014-09-01,15,NY
4617,2014-10-01,8,NY
4618,2014-11-01,7,NY
4619,2014-12-01,10,NY
4620,2015-01-01,3,NY
4621,2015-02-01,14,NY
4622,2015-03-01,10,NY
4623,2015-04-01,21,NY
4624,2015-05-01,10,NY
4625,2015-06-01,13,NY
4626,2015-07-01,6,NY
4627,2015-08-01,14,NY
4628,2015-09-01,15,NY
4629,2015-10-01,11,NY
4630,2015-11-01,5,NY
4631,2015-12-01,17,NY
4632,2016-01-01,19,NY
4633,2016-02-01,17,NY
4634,2016-03-01,14,NY
4635,2016-04-01,19,NY
4636,2016-05-01,16,NY
4637,2016-06-01,14,NY
4638,2016-07-01,13,NY
4639,2016-08-01,18,NY
4640,2016-09-01,11,NY
4641,2016-10-01,9,NY
4642,2016-11-01,12,NY
4643,2016-12-01,16,NY
4644,2017-01-01,20,NY
4645,2017-02-01,12,NY
4646,2017-03-01,14,NY
4647,2017-04-01,22,NY
4648,2017-05-01,15,NY
4649,2017-06-01,14,NY
4650,2017-07-01,19,NY
4651,2017-08-01,14,NY
4652,2017-09-01,8,NY
4653,2017-10-01,13,NY
4654,2017-11-01,11,NY
4655,2017-12-01,10,NY
4656,2018-01-01,19,NY
4657,2018-02-01,18,NY
4658,2018-03-01,23,NY
4659,2018-04-01,16,NY
4660,2018-05-01,17,NY
4661,2018-06-01,16,NY
4662,2018-07-01,16,NY
4663,2018-08-01,11,NY
4664,2018-09-01,16,NY
4665,2018-10-01,14,NY
4666,2018-11-01,8,NY
4667,2018-12-01,12,NY
4668,2019-01-01,15,NY
4669,2019-02-01,15,NY
4670,2019-03-01,20,NY
4671,2019-04-01,14,NY
4672,2019-05-01,10,NY
4673,2019-06-01,15,NY
4674,2019-07-01,19,NY
4675,2019-08-01,13,NY
4676,2019-09-01,15,NY
4677,2019-10-01,14,NY
4678,2019-11-01,15,NY
4679,2019-12-01,17,NY
4680,2020-01-01,15,NY
4681,2020-02-01,21,NY
4682,2020-03-01,9,NY
4683,2020-04-01,14,NY
4684,2020-05-01,15,NY
4685,2020-06-01,14,NY
4686,2020-07-01,15,NY
4687,2020-08-01,17,NY
4688,2020-09-01,15,NY
4689,2020-10-01,14,NY
4690,2020-11-01,13,NY
4691,2020-12-01,16,NY
